"Kind","Agent_Id","Queue_Id","Stream_Id","Thread_Id","Dispatch_Id","Kernel_Id","Kernel_Name","Correlation_Id","Start_Timestamp","End_Timestamp","LDS_Block_Size","Scratch_Size","VGPR_Count","Accum_VGPR_Count","SGPR_Count","Workgroup_Size_X","Workgroup_Size_Y","Workgroup_Size_Z","Grid_Size_X","Grid_Size_Y","Grid_Size_Z"
"KERNEL_DISPATCH","Agent 1",1,0,89862,1,20,"__amd_rocclr_fillBufferAligned",1,3471570567119,3471570573759,0,0,16,0,128,256,1,1,2048,1,1
"KERNEL_DISPATCH","Agent 1",1,0,89862,2,20,"__amd_rocclr_fillBufferAligned",2,3471570586239,3471570588959,0,0,16,0,128,256,1,1,256,1,1
"KERNEL_DISPATCH","Agent 1",1,0,89862,3,20,"__amd_rocclr_fillBufferAligned",3,3471570593559,3471570596759,0,0,16,0,128,256,1,1,2048,1,1
"KERNEL_DISPATCH","Agent 1",1,0,89862,4,20,"__amd_rocclr_fillBufferAligned",4,3471570601279,3471570604639,0,0,16,0,128,256,1,1,256,1,1
"KERNEL_DISPATCH","Agent 1",1,0,89862,5,20,"__amd_rocclr_fillBufferAligned",5,3471570609359,3471570612679,0,0,16,0,128,256,1,1,2048,1,1
"KERNEL_DISPATCH","Agent 1",1,0,89862,6,20,"__amd_rocclr_fillBufferAligned",6,3471570617439,3471570620719,0,0,16,0,128,256,1,1,256,1,1
"KERNEL_DISPATCH","Agent 1",1,0,89862,7,20,"__amd_rocclr_fillBufferAligned",7,3471570625479,3471570628559,0,0,16,0,128,256,1,1,2048,1,1
"KERNEL_DISPATCH","Agent 1",1,0,89862,8,20,"__amd_rocclr_fillBufferAligned",8,3471570633359,3471570636439,0,0,16,0,128,256,1,1,256,1,1
"KERNEL_DISPATCH","Agent 1",1,0,89862,9,4,"q8_0_quantize_f32",9,3471570642599,3471570647559,0,0,24,0,128,32,1,1,32768,1,1
"KERNEL_DISPATCH","Agent 1",1,0,89862,10,4,"q8_0_quantize_f32",10,3471570652280,3471570656240,0,0,24,0,128,32,1,1,32800,1,1
"KERNEL_DISPATCH","Agent 1",1,0,89862,11,4,"q8_0_quantize_f32",11,3471570661040,3471570665000,0,0,24,0,128,32,1,1,32992,1,1
"KERNEL_DISPATCH","Agent 1",1,0,89862,12,4,"q8_0_quantize_f32",12,3471570669840,3471570673800,0,0,24,0,128,32,1,1,34816,1,1
"KERNEL_DISPATCH","Agent 1",1,0,89862,13,11,"__amd_rocclr_copyBuffer",13,3471570765001,3471570768801,0,0,16,0,128,512,1,1,512,1,1
"KERNEL_DISPATCH","Agent 1",1,0,89862,14,11,"__amd_rocclr_copyBuffer",14,3471570968784,3471570971945,0,0,16,0,128,512,1,1,512,1,1
"KERNEL_DISPATCH","Agent 1",1,0,89862,15,11,"__amd_rocclr_copyBuffer",15,3471571172038,3471571175158,0,0,16,0,128,512,1,1,512,1,1
"KERNEL_DISPATCH","Agent 1",1,0,89862,16,11,"__amd_rocclr_copyBuffer",16,3471571264359,3471571267479,0,0,16,0,128,512,1,1,512,1,1
"KERNEL_DISPATCH","Agent 1",2,1,89862,17,23,"kb::kb_spin(unsigned long)",17,3471576450883,3471876456650,0,8,8,0,128,64,1,1,8192,1,1
"KERNEL_DISPATCH","Agent 1",2,1,89862,18,4,"q8_0_quantize_f32",18,3471876653151,3471876656271,0,0,24,0,128,32,1,1,32768,1,1
"KERNEL_DISPATCH","Agent 1",2,1,89862,19,4,"q8_0_quantize_f32",19,3471876660471,3471876662831,0,0,24,0,128,32,1,1,32768,1,1
"KERNEL_DISPATCH","Agent 1",2,1,89862,20,4,"q8_0_quantize_f32",20,3471876666591,3471876668911,0,0,24,0,128,32,1,1,32768,1,1
"KERNEL_DISPATCH","Agent 1",2,1,89862,21,4,"q8_0_quantize_f32",21,3471876672751,3471876675111,0,0,24,0,128,32,1,1,32768,1,1
"KERNEL_DISPATCH","Agent 1",2,1,89862,22,4,"q8_0_quantize_f32",22,3471876679031,3471876681431,0,0,24,0,128,32,1,1,32768,1,1
"KERNEL_DISPATCH","Agent 1",2,1,89862,23,4,"q8_0_quantize_f32",23,3471876685272,3471876687632,0,0,24,0,128,32,1,1,32768,1,1
"KERNEL_DISPATCH","Agent 1",2,1,89862,24,4,"q8_0_quantize_f32",24,3471876691512,3471876693872,0,0,24,0,128,32,1,1,32768,1,1
"KERNEL_DISPATCH","Agent 1",2,1,89862,25,4,"q8_0_quantize_f32",25,3471876697632,3471876699952,0,0,24,0,128,32,1,1,32768,1,1
"KERNEL_DISPATCH","Agent 1",2,1,89862,26,4,"q8_0_quantize_f32",26,3471876703752,3471876706112,0,0,24,0,128,32,1,1,32768,1,1
"KERNEL_DISPATCH","Agent 1",2,1,89862,27,4,"q8_0_quantize_f32",27,3471876709912,3471876712232,0,0,24,0,128,32,1,1,32768,1,1
"KERNEL_DISPATCH","Agent 1",2,1,89862,28,4,"q8_0_quantize_f32",28,3471876722472,3471876725232,0,0,24,0,128,32,1,1,32800,1,1
"KERNEL_DISPATCH","Agent 1",2,1,89862,29,4,"q8_0_quantize_f32",29,3471876729072,3471876731432,0,0,24,0,128,32,1,1,32800,1,1
"KERNEL_DISPATCH","Agent 1",2,1,89862,30,4,"q8_0_quantize_f32",30,3471876735272,3471876737592,0,0,24,0,128,32,1,1,32800,1,1
"KERNEL_DISPATCH","Agent 1",2,1,89862,31,4,"q8_0_quantize_f32",31,3471876741552,3471876743952,0,0,24,0,128,32,1,1,32800,1,1
"KERNEL_DISPATCH","Agent 1",2,1,89862,32,4,"q8_0_quantize_f32",32,3471876747712,3471876750072,0,0,24,0,128,32,1,1,32800,1,1
"KERNEL_DISPATCH","Agent 1",2,1,89862,33,4,"q8_0_quantize_f32",33,3471876753832,3471876756192,0,0,24,0,128,32,1,1,32800,1,1
"KERNEL_DISPATCH","Agent 1",2,1,89862,34,4,"q8_0_quantize_f32",34,3471876760032,3471876762392,0,0,24,0,128,32,1,1,32800,1,1
"KERNEL_DISPATCH","Agent 1",2,1,89862,35,4,"q8_0_quantize_f32",35,3471876766152,3471876768473,0,0,24,0,128,32,1,1,32800,1,1
"KERNEL_DISPATCH","Agent 1",2,1,89862,36,4,"q8_0_quantize_f32",36,3471876772273,3471876774633,0,0,24,0,128,32,1,1,32800,1,1
"KERNEL_DISPATCH","Agent 1",2,1,89862,37,4,"q8_0_quantize_f32",37,3471876778393,3471876780753,0,0,24,0,128,32,1,1,32800,1,1
"KERNEL_DISPATCH","Agent 1",2,1,89862,38,4,"q8_0_quantize_f32",38,3471876791393,3471876794193,0,0,24,0,128,32,1,1,32992,1,1
"KERNEL_DISPATCH","Agent 1",2,1,89862,39,4,"q8_0_quantize_f32",39,3471876797993,3471876800353,0,0,24,0,128,32,1,1,32992,1,1
"KERNEL_DISPATCH","Agent 1",2,1,89862,40,4,"q8_0_quantize_f32",40,3471876804313,3471876806673,0,0,24,0,128,32,1,1,32992,1,1
"KERNEL_DISPATCH","Agent 1",2,1,89862,41,4,"q8_0_quantize_f32",41,3471876810753,3471876813113,0,0,24,0,128,32,1,1,32992,1,1
"KERNEL_DISPATCH","Agent 1",2,1,89862,42,4,"q8_0_quantize_f32",42,3471876816993,3471876819393,0,0,24,0,128,32,1,1,32992,1,1
"KERNEL_DISPATCH","Agent 1",2,1,89862,43,4,"q8_0_quantize_f32",43,3471876823273,3471876825633,0,0,24,0,128,32,1,1,32992,1,1
"KERNEL_DISPATCH","Agent 1",2,1,89862,44,4,"q8_0_quantize_f32",44,3471876829513,3471876831873,0,0,24,0,128,32,1,1,32992,1,1
"KERNEL_DISPATCH","Agent 1",2,1,89862,45,4,"q8_0_quantize_f32",45,3471876835793,3471876838153,0,0,24,0,128,32,1,1,32992,1,1
"KERNEL_DISPATCH","Agent 1",2,1,89862,46,4,"q8_0_quantize_f32",46,3471876842033,3471876844593,0,0,24,0,128,32,1,1,32992,1,1
"KERNEL_DISPATCH","Agent 1",2,1,89862,47,4,"q8_0_quantize_f32",47,3471876848313,3471876850674,0,0,24,0,128,32,1,1,32992,1,1
"KERNEL_DISPATCH","Agent 1",2,1,89862,48,4,"q8_0_quantize_f32",48,3471876861034,3471876864234,0,0,24,0,128,32,1,1,34816,1,1
"KERNEL_DISPATCH","Agent 1",2,1,89862,49,4,"q8_0_quantize_f32",49,3471876868074,3471876870474,0,0,24,0,128,32,1,1,34816,1,1
"KERNEL_DISPATCH","Agent 1",2,1,89862,50,4,"q8_0_quantize_f32",50,3471876874194,3471876876554,0,0,24,0,128,32,1,1,34816,1,1
"KERNEL_DISPATCH","Agent 1",2,1,89862,51,4,"q8_0_quantize_f32",51,3471876880434,3471876882834,0,0,24,0,128,32,1,1,34816,1,1
"KERNEL_DISPATCH","Agent 1",2,1,89862,52,4,"q8_0_quantize_f32",52,3471876886714,3471876889114,0,0,24,0,128,32,1,1,34816,1,1
"KERNEL_DISPATCH","Agent 1",2,1,89862,53,4,"q8_0_quantize_f32",53,3471876892994,3471876895354,0,0,24,0,128,32,1,1,34816,1,1
"KERNEL_DISPATCH","Agent 1",2,1,89862,54,4,"q8_0_quantize_f32",54,3471876898994,3471876901354,0,0,24,0,128,32,1,1,34816,1,1
"KERNEL_DISPATCH","Agent 1",2,1,89862,55,4,"q8_0_quantize_f32",55,3471876905034,3471876907434,0,0,24,0,128,32,1,1,34816,1,1
"KERNEL_DISPATCH","Agent 1",2,1,89862,56,4,"q8_0_quantize_f32",56,3471876911314,3471876913674,0,0,24,0,128,32,1,1,34816,1,1
"KERNEL_DISPATCH","Agent 1",2,1,89862,57,4,"q8_0_quantize_f32",57,3471876917434,3471876919794,0,0,24,0,128,32,1,1,34816,1,1
"KERNEL_DISPATCH","Agent 1",2,1,89862,58,4,"q8_0_quantize_f32",58,3471876930474,3471876932794,0,0,24,0,128,32,1,1,32768,1,1
"KERNEL_DISPATCH","Agent 1",2,1,89862,59,4,"q8_0_quantize_f32",59,3471876936595,3471876938875,0,0,24,0,128,32,1,1,32768,1,1
"KERNEL_DISPATCH","Agent 1",2,1,89862,60,4,"q8_0_quantize_f32",60,3471876942715,3471876945035,0,0,24,0,128,32,1,1,32768,1,1
"KERNEL_DISPATCH","Agent 1",2,1,89862,61,4,"q8_0_quantize_f32",61,3471876949035,3471876951315,0,0,24,0,128,32,1,1,32768,1,1
"KERNEL_DISPATCH","Agent 1",2,1,89862,62,4,"q8_0_quantize_f32",62,3471876955195,3471876957435,0,0,24,0,128,32,1,1,32768,1,1
"KERNEL_DISPATCH","Agent 1",2,1,89862,63,4,"q8_0_quantize_f32",63,3471876961435,3471876963675,0,0,24,0,128,32,1,1,32768,1,1
"KERNEL_DISPATCH","Agent 1",2,1,89862,64,4,"q8_0_quantize_f32",64,3471876967515,3471876969755,0,0,24,0,128,32,1,1,32768,1,1
"KERNEL_DISPATCH","Agent 1",2,1,89862,65,4,"q8_0_quantize_f32",65,3471876973635,3471876975915,0,0,24,0,128,32,1,1,32768,1,1
"KERNEL_DISPATCH","Agent 1",2,1,89862,66,4,"q8_0_quantize_f32",66,3471876979715,3471876981955,0,0,24,0,128,32,1,1,32768,1,1
"KERNEL_DISPATCH","Agent 1",2,1,89862,67,4,"q8_0_quantize_f32",67,3471876985835,3471876988075,0,0,24,0,128,32,1,1,32768,1,1
"KERNEL_DISPATCH","Agent 1",2,1,89862,68,4,"q8_0_quantize_f32",68,3471876998235,3471877000635,0,0,24,0,128,32,1,1,32800,1,1
"KERNEL_DISPATCH","Agent 1",2,1,89862,69,4,"q8_0_quantize_f32",69,3471877004515,3471877006835,0,0,24,0,128,32,1,1,32800,1,1
"KERNEL_DISPATCH","Agent 1",2,1,89862,70,4,"q8_0_quantize_f32",70,3471877010675,3471877012955,0,0,24,0,128,32,1,1,32800,1,1
"KERNEL_DISPATCH","Agent 1",2,1,89862,71,4,"q8_0_quantize_f32",71,3471877016675,3471877018956,0,0,24,0,128,32,1,1,32800,1,1
"KERNEL_DISPATCH","Agent 1",2,1,89862,72,4,"q8_0_quantize_f32",72,3471877022636,3471877024916,0,0,24,0,128,32,1,1,32800,1,1
"KERNEL_DISPATCH","Agent 1",2,1,89862,73,4,"q8_0_quantize_f32",73,3471877028796,3471877031076,0,0,24,0,128,32,1,1,32800,1,1
"KERNEL_DISPATCH","Agent 1",2,1,89862,74,4,"q8_0_quantize_f32",74,3471877034876,3471877037156,0,0,24,0,128,32,1,1,32800,1,1
"KERNEL_DISPATCH","Agent 1",2,1,89862,75,4,"q8_0_quantize_f32",75,3471877040996,3471877043236,0,0,24,0,128,32,1,1,32800,1,1
"KERNEL_DISPATCH","Agent 1",2,1,89862,76,4,"q8_0_quantize_f32",76,3471877046916,3471877049196,0,0,24,0,128,32,1,1,32800,1,1
"KERNEL_DISPATCH","Agent 1",2,1,89862,77,4,"q8_0_quantize_f32",77,3471877053076,3471877055316,0,0,24,0,128,32,1,1,32800,1,1
"KERNEL_DISPATCH","Agent 1",2,1,89862,78,4,"q8_0_quantize_f32",78,3471877066076,3471877068436,0,0,24,0,128,32,1,1,32992,1,1
"KERNEL_DISPATCH","Agent 1",2,1,89862,79,4,"q8_0_quantize_f32",79,3471877072316,3471877074636,0,0,24,0,128,32,1,1,32992,1,1
"KERNEL_DISPATCH","Agent 1",2,1,89862,80,4,"q8_0_quantize_f32",80,3471877078516,3471877080796,0,0,24,0,128,32,1,1,32992,1,1
"KERNEL_DISPATCH","Agent 1",2,1,89862,81,4,"q8_0_quantize_f32",81,3471877084676,3471877086956,0,0,24,0,128,32,1,1,32992,1,1
"KERNEL_DISPATCH","Agent 1",2,1,89862,82,4,"q8_0_quantize_f32",82,3471877090876,3471877093156,0,0,24,0,128,32,1,1,32992,1,1
"KERNEL_DISPATCH","Agent 1",2,1,89862,83,4,"q8_0_quantize_f32",83,3471877096956,3471877099236,0,0,24,0,128,32,1,1,32992,1,1
"KERNEL_DISPATCH","Agent 1",2,1,89862,84,4,"q8_0_quantize_f32",84,3471877103157,3471877105437,0,0,24,0,128,32,1,1,32992,1,1
"KERNEL_DISPATCH","Agent 1",2,1,89862,85,4,"q8_0_quantize_f32",85,3471877109317,3471877111597,0,0,24,0,128,32,1,1,32992,1,1
"KERNEL_DISPATCH","Agent 1",2,1,89862,86,4,"q8_0_quantize_f32",86,3471877115437,3471877117717,0,0,24,0,128,32,1,1,32992,1,1
"KERNEL_DISPATCH","Agent 1",2,1,89862,87,4,"q8_0_quantize_f32",87,3471877121477,3471877123797,0,0,24,0,128,32,1,1,32992,1,1
"KERNEL_DISPATCH","Agent 1",2,1,89862,88,4,"q8_0_quantize_f32",88,3471877133957,3471877136357,0,0,24,0,128,32,1,1,34816,1,1
"KERNEL_DISPATCH","Agent 1",2,1,89862,89,4,"q8_0_quantize_f32",89,3471877140077,3471877142357,0,0,24,0,128,32,1,1,34816,1,1
"KERNEL_DISPATCH","Agent 1",2,1,89862,90,4,"q8_0_quantize_f32",90,3471877146077,3471877148357,0,0,24,0,128,32,1,1,34816,1,1
"KERNEL_DISPATCH","Agent 1",2,1,89862,91,4,"q8_0_quantize_f32",91,3471877152237,3471877154557,0,0,24,0,128,32,1,1,34816,1,1
"KERNEL_DISPATCH","Agent 1",2,1,89862,92,4,"q8_0_quantize_f32",92,3471877158397,3471877160717,0,0,24,0,128,32,1,1,34816,1,1
"KERNEL_DISPATCH","Agent 1",2,1,89862,93,4,"q8_0_quantize_f32",93,3471877164517,3471877166797,0,0,24,0,128,32,1,1,34816,1,1
"KERNEL_DISPATCH","Agent 1",2,1,89862,94,4,"q8_0_quantize_f32",94,3471877170557,3471877172877,0,0,24,0,128,32,1,1,34816,1,1
"KERNEL_DISPATCH","Agent 1",2,1,89862,95,4,"q8_0_quantize_f32",95,3471877176757,3471877179077,0,0,24,0,128,32,1,1,34816,1,1
"KERNEL_DISPATCH","Agent 1",2,1,89862,96,4,"q8_0_quantize_f32",96,3471877182957,3471877185237,0,0,24,0,128,32,1,1,34816,1,1
"KERNEL_DISPATCH","Agent 1",2,1,89862,97,4,"q8_0_quantize_f32",97,3471877189158,3471877191398,0,0,24,0,128,32,1,1,34816,1,1
"KERNEL_DISPATCH","Agent 1",2,1,89862,98,4,"q8_0_quantize_f32",98,3471877202158,3471877204518,0,0,24,0,128,32,1,1,32768,1,1
"KERNEL_DISPATCH","Agent 1",2,1,89862,99,4,"q8_0_quantize_f32",99,3471877208278,3471877210558,0,0,24,0,128,32,1,1,32768,1,1
"KERNEL_DISPATCH","Agent 1",2,1,89862,100,4,"q8_0_quantize_f32",100,3471877214358,3471877216678,0,0,24,0,128,32,1,1,32768,1,1
"KERNEL_DISPATCH","Agent 1",2,1,89862,101,4,"q8_0_quantize_f32",101,3471877220438,3471877222718,0,0,24,0,128,32,1,1,32768,1,1
"KERNEL_DISPATCH","Agent 1",2,1,89862,102,4,"q8_0_quantize_f32",102,3471877226398,3471877228638,0,0,24,0,128,32,1,1,32768,1,1
"KERNEL_DISPATCH","Agent 1",2,1,89862,103,4,"q8_0_quantize_f32",103,3471877232518,3471877234758,0,0,24,0,128,32,1,1,32768,1,1
"KERNEL_DISPATCH","Agent 1",2,1,89862,104,4,"q8_0_quantize_f32",104,3471877238438,3471877240678,0,0,24,0,128,32,1,1,32768,1,1
"KERNEL_DISPATCH","Agent 1",2,1,89862,105,4,"q8_0_quantize_f32",105,3471877244398,3471877246638,0,0,24,0,128,32,1,1,32768,1,1
"KERNEL_DISPATCH","Agent 1",2,1,89862,106,4,"q8_0_quantize_f32",106,3471877250478,3471877252758,0,0,24,0,128,32,1,1,32768,1,1
"KERNEL_DISPATCH","Agent 1",2,1,89862,107,4,"q8_0_quantize_f32",107,3471877256558,3471877258838,0,0,24,0,128,32,1,1,32768,1,1
"KERNEL_DISPATCH","Agent 1",2,1,89862,108,4,"q8_0_quantize_f32",108,3471877269638,3471877271959,0,0,24,0,128,32,1,1,32800,1,1
"KERNEL_DISPATCH","Agent 1",2,1,89862,109,4,"q8_0_quantize_f32",109,3471877275719,3471877277999,0,0,24,0,128,32,1,1,32800,1,1
"KERNEL_DISPATCH","Agent 1",2,1,89862,110,4,"q8_0_quantize_f32",110,3471877281839,3471877284119,0,0,24,0,128,32,1,1,32800,1,1
"KERNEL_DISPATCH","Agent 1",2,1,89862,111,4,"q8_0_quantize_f32",111,3471877287959,3471877290239,0,0,24,0,128,32,1,1,32800,1,1
"KERNEL_DISPATCH","Agent 1",2,1,89862,112,4,"q8_0_quantize_f32",112,3471877294239,3471877296519,0,0,24,0,128,32,1,1,32800,1,1
"KERNEL_DISPATCH","Agent 1",2,1,89862,113,4,"q8_0_quantize_f32",113,3471877300279,3471877302559,0,0,24,0,128,32,1,1,32800,1,1
"KERNEL_DISPATCH","Agent 1",2,1,89862,114,4,"q8_0_quantize_f32",114,3471877306359,3471877308679,0,0,24,0,128,32,1,1,32800,1,1
"KERNEL_DISPATCH","Agent 1",2,1,89862,115,4,"q8_0_quantize_f32",115,3471877312479,3471877314719,0,0,24,0,128,32,1,1,32800,1,1
"KERNEL_DISPATCH","Agent 1",2,1,89862,116,4,"q8_0_quantize_f32",116,3471877318599,3471877320879,0,0,24,0,128,32,1,1,32800,1,1
"KERNEL_DISPATCH","Agent 1",2,1,89862,117,4,"q8_0_quantize_f32",117,3471877324759,3471877326999,0,0,24,0,128,32,1,1,32800,1,1
"KERNEL_DISPATCH","Agent 1",2,1,89862,118,4,"q8_0_quantize_f32",118,3471877337359,3471877339799,0,0,24,0,128,32,1,1,32992,1,1
"KERNEL_DISPATCH","Agent 1",2,1,89862,119,4,"q8_0_quantize_f32",119,3471877343559,3471877345839,0,0,24,0,128,32,1,1,32992,1,1
"KERNEL_DISPATCH","Agent 1",2,1,89862,120,4,"q8_0_quantize_f32",120,3471877349639,3471877351919,0,0,24,0,128,32,1,1,32992,1,1
"KERNEL_DISPATCH","Agent 1",2,1,89862,121,4,"q8_0_quantize_f32",121,3471877355640,3471877357920,0,0,24,0,128,32,1,1,32992,1,1
"KERNEL_DISPATCH","Agent 1",2,1,89862,122,4,"q8_0_quantize_f32",122,3471877361720,3471877364000,0,0,24,0,128,32,1,1,32992,1,1
"KERNEL_DISPATCH","Agent 1",2,1,89862,123,4,"q8_0_quantize_f32",123,3471877367840,3471877370040,0,0,24,0,128,32,1,1,32992,1,1
"KERNEL_DISPATCH","Agent 1",2,1,89862,124,4,"q8_0_quantize_f32",124,3471877373840,3471877376000,0,0,24,0,128,32,1,1,32992,1,1
"KERNEL_DISPATCH","Agent 1",2,1,89862,125,4,"q8_0_quantize_f32",125,3471877379960,3471877382120,0,0,24,0,128,32,1,1,32992,1,1
"KERNEL_DISPATCH","Agent 1",2,1,89862,126,4,"q8_0_quantize_f32",126,3471877386120,3471877388320,0,0,24,0,128,32,1,1,32992,1,1
"KERNEL_DISPATCH","Agent 1",2,1,89862,127,4,"q8_0_quantize_f32",127,3471877392200,3471877394400,0,0,24,0,128,32,1,1,32992,1,1
"KERNEL_DISPATCH","Agent 1",2,1,89862,128,4,"q8_0_quantize_f32",128,3471877404720,3471877407000,0,0,24,0,128,32,1,1,34816,1,1
"KERNEL_DISPATCH","Agent 1",2,1,89862,129,4,"q8_0_quantize_f32",129,3471877410880,3471877413080,0,0,24,0,128,32,1,1,34816,1,1
"KERNEL_DISPATCH","Agent 1",2,1,89862,130,4,"q8_0_quantize_f32",130,3471877416880,3471877419080,0,0,24,0,128,32,1,1,34816,1,1
"KERNEL_DISPATCH","Agent 1",2,1,89862,131,4,"q8_0_quantize_f32",131,3471877422960,3471877425160,0,0,24,0,128,32,1,1,34816,1,1
"KERNEL_DISPATCH","Agent 1",2,1,89862,132,4,"q8_0_quantize_f32",132,3471877429000,3471877431200,0,0,24,0,128,32,1,1,34816,1,1
"KERNEL_DISPATCH","Agent 1",2,1,89862,133,4,"q8_0_quantize_f32",133,3471877435040,3471877437240,0,0,24,0,128,32,1,1,34816,1,1
"KERNEL_DISPATCH","Agent 1",2,1,89862,134,4,"q8_0_quantize_f32",134,3471877441081,3471877443241,0,0,24,0,128,32,1,1,34816,1,1
"KERNEL_DISPATCH","Agent 1",2,1,89862,135,4,"q8_0_quantize_f32",135,3471877447121,3471877449321,0,0,24,0,128,32,1,1,34816,1,1
"KERNEL_DISPATCH","Agent 1",2,1,89862,136,4,"q8_0_quantize_f32",136,3471877453161,3471877455361,0,0,24,0,128,32,1,1,34816,1,1
"KERNEL_DISPATCH","Agent 1",2,1,89862,137,4,"q8_0_quantize_f32",137,3471877459281,3471877461441,0,0,24,0,128,32,1,1,34816,1,1
"KERNEL_DISPATCH","Agent 1",2,1,89862,138,4,"q8_0_quantize_f32",138,3471877504951,3471877507191,0,0,24,0,128,32,1,1,32768,1,1
"KERNEL_DISPATCH","Agent 1",2,1,89862,139,4,"q8_0_quantize_f32",139,3471877511071,3471877513271,0,0,24,0,128,32,1,1,32768,1,1
"KERNEL_DISPATCH","Agent 1",2,1,89862,140,4,"q8_0_quantize_f32",140,3471877517111,3471877519311,0,0,24,0,128,32,1,1,32768,1,1
"KERNEL_DISPATCH","Agent 1",2,1,89862,141,4,"q8_0_quantize_f32",141,3471877523151,3471877525352,0,0,24,0,128,32,1,1,32768,1,1
"KERNEL_DISPATCH","Agent 1",2,1,89862,142,4,"q8_0_quantize_f32",142,3471877529272,3471877531432,0,0,24,0,128,32,1,1,32768,1,1
"KERNEL_DISPATCH","Agent 1",2,1,89862,143,4,"q8_0_quantize_f32",143,3471877535232,3471877537392,0,0,24,0,128,32,1,1,32768,1,1
"KERNEL_DISPATCH","Agent 1",2,1,89862,144,4,"q8_0_quantize_f32",144,3471877541272,3471877543432,0,0,24,0,128,32,1,1,32768,1,1
"KERNEL_DISPATCH","Agent 1",2,1,89862,145,4,"q8_0_quantize_f32",145,3471877547272,3471877549432,0,0,24,0,128,32,1,1,32768,1,1
"KERNEL_DISPATCH","Agent 1",2,1,89862,146,4,"q8_0_quantize_f32",146,3471877553312,3471877555512,0,0,24,0,128,32,1,1,32768,1,1
"KERNEL_DISPATCH","Agent 1",2,1,89862,147,4,"q8_0_quantize_f32",147,3471877559352,3471877561512,0,0,24,0,128,32,1,1,32768,1,1
"KERNEL_DISPATCH","Agent 1",2,1,89862,148,4,"q8_0_quantize_f32",148,3471877603462,3471877605742,0,0,24,0,128,32,1,1,32800,1,1
"KERNEL_DISPATCH","Agent 1",2,1,89862,149,4,"q8_0_quantize_f32",149,3471877609543,3471877611743,0,0,24,0,128,32,1,1,32800,1,1
"KERNEL_DISPATCH","Agent 1",2,1,89862,150,4,"q8_0_quantize_f32",150,3471877615623,3471877617823,0,0,24,0,128,32,1,1,32800,1,1
"KERNEL_DISPATCH","Agent 1",2,1,89862,151,4,"q8_0_quantize_f32",151,3471877621743,3471877623943,0,0,24,0,128,32,1,1,32800,1,1
"KERNEL_DISPATCH","Agent 1",2,1,89862,152,4,"q8_0_quantize_f32",152,3471877627823,3471877629983,0,0,24,0,128,32,1,1,32800,1,1
"KERNEL_DISPATCH","Agent 1",2,1,89862,153,4,"q8_0_quantize_f32",153,3471877633983,3471877636183,0,0,24,0,128,32,1,1,32800,1,1
"KERNEL_DISPATCH","Agent 1",2,1,89862,154,4,"q8_0_quantize_f32",154,3471877640023,3471877642223,0,0,24,0,128,32,1,1,32800,1,1
"KERNEL_DISPATCH","Agent 1",2,1,89862,155,4,"q8_0_quantize_f32",155,3471877646143,3471877648343,0,0,24,0,128,32,1,1,32800,1,1
"KERNEL_DISPATCH","Agent 1",2,1,89862,156,4,"q8_0_quantize_f32",156,3471877652223,3471877654423,0,0,24,0,128,32,1,1,32800,1,1
"KERNEL_DISPATCH","Agent 1",2,1,89862,157,4,"q8_0_quantize_f32",157,3471877658343,3471877660583,0,0,24,0,128,32,1,1,32800,1,1
"KERNEL_DISPATCH","Agent 1",2,1,89862,158,4,"q8_0_quantize_f32",158,3471877699304,3471877701584,0,0,24,0,128,32,1,1,32992,1,1
"KERNEL_DISPATCH","Agent 1",2,1,89862,159,4,"q8_0_quantize_f32",159,3471877705424,3471877707624,0,0,24,0,128,32,1,1,32992,1,1
"KERNEL_DISPATCH","Agent 1",2,1,89862,160,4,"q8_0_quantize_f32",160,3471877711464,3471877713664,0,0,24,0,128,32,1,1,32992,1,1
"KERNEL_DISPATCH","Agent 1",2,1,89862,161,4,"q8_0_quantize_f32",161,3471877717504,3471877719704,0,0,24,0,128,32,1,1,32992,1,1
"KERNEL_DISPATCH","Agent 1",2,1,89862,162,4,"q8_0_quantize_f32",162,3471877723584,3471877725784,0,0,24,0,128,32,1,1,32992,1,1
"KERNEL_DISPATCH","Agent 1",2,1,89862,163,4,"q8_0_quantize_f32",163,3471877729624,3471877731784,0,0,24,0,128,32,1,1,32992,1,1
"KERNEL_DISPATCH","Agent 1",2,1,89862,164,4,"q8_0_quantize_f32",164,3471877735664,3471877737824,0,0,24,0,128,32,1,1,32992,1,1
"KERNEL_DISPATCH","Agent 1",2,1,89862,165,4,"q8_0_quantize_f32",165,3471877741704,3471877743904,0,0,24,0,128,32,1,1,32992,1,1
"KERNEL_DISPATCH","Agent 1",2,1,89862,166,4,"q8_0_quantize_f32",166,3471877747784,3471877749984,0,0,24,0,128,32,1,1,32992,1,1
"KERNEL_DISPATCH","Agent 1",2,1,89862,167,4,"q8_0_quantize_f32",167,3471877753824,3471877756064,0,0,24,0,128,32,1,1,32992,1,1
"KERNEL_DISPATCH","Agent 1",2,1,89862,168,4,"q8_0_quantize_f32",168,3471877794665,3471877796945,0,0,24,0,128,32,1,1,34816,1,1
"KERNEL_DISPATCH","Agent 1",2,1,89862,169,4,"q8_0_quantize_f32",169,3471877800705,3471877802865,0,0,24,0,128,32,1,1,34816,1,1
"KERNEL_DISPATCH","Agent 1",2,1,89862,170,4,"q8_0_quantize_f32",170,3471877806665,3471877808865,0,0,24,0,128,32,1,1,34816,1,1
"KERNEL_DISPATCH","Agent 1",2,1,89862,171,4,"q8_0_quantize_f32",171,3471877812785,3471877814985,0,0,24,0,128,32,1,1,34816,1,1
"KERNEL_DISPATCH","Agent 1",2,1,89862,172,4,"q8_0_quantize_f32",172,3471877818825,3471877821025,0,0,24,0,128,32,1,1,34816,1,1
"KERNEL_DISPATCH","Agent 1",2,1,89862,173,4,"q8_0_quantize_f32",173,3471877824945,3471877827145,0,0,24,0,128,32,1,1,34816,1,1
"KERNEL_DISPATCH","Agent 1",2,1,89862,174,4,"q8_0_quantize_f32",174,3471877830985,3471877833145,0,0,24,0,128,32,1,1,34816,1,1
"KERNEL_DISPATCH","Agent 1",2,1,89862,175,4,"q8_0_quantize_f32",175,3471877837065,3471877839225,0,0,24,0,128,32,1,1,34816,1,1
"KERNEL_DISPATCH","Agent 1",2,1,89862,176,4,"q8_0_quantize_f32",176,3471877843065,3471877845265,0,0,24,0,128,32,1,1,34816,1,1
"KERNEL_DISPATCH","Agent 1",2,1,89862,177,4,"q8_0_quantize_f32",177,3471877849185,3471877851385,0,0,24,0,128,32,1,1,34816,1,1
"KERNEL_DISPATCH","Agent 1",2,1,89862,178,4,"q8_0_quantize_f32",178,3471877889936,3471877892216,0,0,24,0,128,32,1,1,32800,1,1
"KERNEL_DISPATCH","Agent 1",2,1,89862,179,4,"q8_0_quantize_f32",179,3471877896056,3471877898256,0,0,24,0,128,32,1,1,32800,1,1
"KERNEL_DISPATCH","Agent 1",2,1,89862,180,4,"q8_0_quantize_f32",180,3471877902016,3471877904216,0,0,24,0,128,32,1,1,32800,1,1
"KERNEL_DISPATCH","Agent 1",2,1,89862,181,4,"q8_0_quantize_f32",181,3471877908176,3471877910416,0,0,24,0,128,32,1,1,32800,1,1
"KERNEL_DISPATCH","Agent 1",2,1,89862,182,4,"q8_0_quantize_f32",182,3471877914336,3471877916536,0,0,24,0,128,32,1,1,32800,1,1
"KERNEL_DISPATCH","Agent 1",2,1,89862,183,4,"q8_0_quantize_f32",183,3471877920376,3471877922616,0,0,24,0,128,32,1,1,32800,1,1
"KERNEL_DISPATCH","Agent 1",2,1,89862,184,4,"q8_0_quantize_f32",184,3471877926496,3471877928696,0,0,24,0,128,32,1,1,32800,1,1
"KERNEL_DISPATCH","Agent 1",2,1,89862,185,4,"q8_0_quantize_f32",185,3471877932576,3471877934776,0,0,24,0,128,32,1,1,32800,1,1
"KERNEL_DISPATCH","Agent 1",2,1,89862,186,4,"q8_0_quantize_f32",186,3471877938656,3471877940856,0,0,24,0,128,32,1,1,32800,1,1
"KERNEL_DISPATCH","Agent 1",2,1,89862,187,4,"q8_0_quantize_f32",187,3471877944697,3471877946897,0,0,24,0,128,32,1,1,32800,1,1
"KERNEL_DISPATCH","Agent 1",2,1,89862,188,4,"q8_0_quantize_f32",188,3471877986487,3471877988767,0,0,24,0,128,32,1,1,32992,1,1
"KERNEL_DISPATCH","Agent 1",2,1,89862,189,4,"q8_0_quantize_f32",189,3471877992647,3471877994847,0,0,24,0,128,32,1,1,32992,1,1
"KERNEL_DISPATCH","Agent 1",2,1,89862,190,4,"q8_0_quantize_f32",190,3471877998687,3471878000887,0,0,24,0,128,32,1,1,32992,1,1
"KERNEL_DISPATCH","Agent 1",2,1,89862,191,4,"q8_0_quantize_f32",191,3471878004687,3471878006887,0,0,24,0,128,32,1,1,32992,1,1
"KERNEL_DISPATCH","Agent 1",2,1,89862,192,4,"q8_0_quantize_f32",192,3471878010767,3471878012967,0,0,24,0,128,32,1,1,32992,1,1
"KERNEL_DISPATCH","Agent 1",2,1,89862,193,4,"q8_0_quantize_f32",193,3471878016887,3471878019087,0,0,24,0,128,32,1,1,32992,1,1
"KERNEL_DISPATCH","Agent 1",2,1,89862,194,4,"q8_0_quantize_f32",194,3471878022927,3471878025127,0,0,24,0,128,32,1,1,32992,1,1
"KERNEL_DISPATCH","Agent 1",2,1,89862,195,4,"q8_0_quantize_f32",195,3471878029008,3471878031168,0,0,24,0,128,32,1,1,32992,1,1
"KERNEL_DISPATCH","Agent 1",2,1,89862,196,4,"q8_0_quantize_f32",196,3471878035008,3471878037208,0,0,24,0,128,32,1,1,32992,1,1
"KERNEL_DISPATCH","Agent 1",2,1,89862,197,4,"q8_0_quantize_f32",197,3471878041088,3471878043248,0,0,24,0,128,32,1,1,32992,1,1
"KERNEL_DISPATCH","Agent 1",2,1,89862,198,4,"q8_0_quantize_f32",198,3471878082088,3471878084368,0,0,24,0,128,32,1,1,34816,1,1
"KERNEL_DISPATCH","Agent 1",2,1,89862,199,4,"q8_0_quantize_f32",199,3471878088248,3471878090448,0,0,24,0,128,32,1,1,34816,1,1
"KERNEL_DISPATCH","Agent 1",2,1,89862,200,4,"q8_0_quantize_f32",200,3471878094288,3471878096488,0,0,24,0,128,32,1,1,34816,1,1
"KERNEL_DISPATCH","Agent 1",2,1,89862,201,4,"q8_0_quantize_f32",201,3471878100368,3471878102528,0,0,24,0,128,32,1,1,34816,1,1
"KERNEL_DISPATCH","Agent 1",2,1,89862,202,4,"q8_0_quantize_f32",202,3471878106408,3471878108568,0,0,24,0,128,32,1,1,34816,1,1
"KERNEL_DISPATCH","Agent 1",2,1,89862,203,4,"q8_0_quantize_f32",203,3471878112409,3471878114609,0,0,24,0,128,32,1,1,34816,1,1
"KERNEL_DISPATCH","Agent 1",2,1,89862,204,4,"q8_0_quantize_f32",204,3471878118529,3471878120689,0,0,24,0,128,32,1,1,34816,1,1
"KERNEL_DISPATCH","Agent 1",2,1,89862,205,4,"q8_0_quantize_f32",205,3471878124489,3471878126689,0,0,24,0,128,32,1,1,34816,1,1
"KERNEL_DISPATCH","Agent 1",2,1,89862,206,4,"q8_0_quantize_f32",206,3471878130569,3471878132729,0,0,24,0,128,32,1,1,34816,1,1
"KERNEL_DISPATCH","Agent 1",2,1,89862,207,4,"q8_0_quantize_f32",207,3471878136569,3471878138729,0,0,24,0,128,32,1,1,34816,1,1
"KERNEL_DISPATCH","Agent 1",2,1,89862,208,4,"q8_0_quantize_f32",208,3471878177499,3471878179779,0,0,24,0,128,32,1,1,32768,1,1
"KERNEL_DISPATCH","Agent 1",2,1,89862,209,4,"q8_0_quantize_f32",209,3471878183619,3471878185939,0,0,24,0,128,32,1,1,32768,1,1
"KERNEL_DISPATCH","Agent 1",2,1,89862,210,4,"q8_0_quantize_f32",210,3471878189859,3471878192059,0,0,24,0,128,32,1,1,32768,1,1
"KERNEL_DISPATCH","Agent 1",2,1,89862,211,4,"q8_0_quantize_f32",211,3471878195859,3471878198060,0,0,24,0,128,32,1,1,32768,1,1
"KERNEL_DISPATCH","Agent 1",2,1,89862,212,4,"q8_0_quantize_f32",212,3471878201900,3471878204060,0,0,24,0,128,32,1,1,32768,1,1
"KERNEL_DISPATCH","Agent 1",2,1,89862,213,4,"q8_0_quantize_f32",213,3471878207980,3471878210140,0,0,24,0,128,32,1,1,32768,1,1
"KERNEL_DISPATCH","Agent 1",2,1,89862,214,4,"q8_0_quantize_f32",214,3471878214020,3471878216180,0,0,24,0,128,32,1,1,32768,1,1
"KERNEL_DISPATCH","Agent 1",2,1,89862,215,4,"q8_0_quantize_f32",215,3471878220060,3471878222300,0,0,24,0,128,32,1,1,32768,1,1
"KERNEL_DISPATCH","Agent 1",2,1,89862,216,4,"q8_0_quantize_f32",216,3471878226140,3471878228300,0,0,24,0,128,32,1,1,32768,1,1
"KERNEL_DISPATCH","Agent 1",2,1,89862,217,4,"q8_0_quantize_f32",217,3471878232180,3471878234380,0,0,24,0,128,32,1,1,32768,1,1
"KERNEL_DISPATCH","Agent 1",2,1,89862,218,4,"q8_0_quantize_f32",218,3471878273030,3471878275310,0,0,24,0,128,32,1,1,32992,1,1
"KERNEL_DISPATCH","Agent 1",2,1,89862,219,4,"q8_0_quantize_f32",219,3471878279190,3471878281551,0,0,24,0,128,32,1,1,32992,1,1
"KERNEL_DISPATCH","Agent 1",2,1,89862,220,4,"q8_0_quantize_f32",220,3471878285391,3471878287911,0,0,24,0,128,32,1,1,32992,1,1
"KERNEL_DISPATCH","Agent 1",2,1,89862,221,4,"q8_0_quantize_f32",221,3471878292031,3471878294231,0,0,24,0,128,32,1,1,32992,1,1
"KERNEL_DISPATCH","Agent 1",2,1,89862,222,4,"q8_0_quantize_f32",222,3471878298191,3471878300391,0,0,24,0,128,32,1,1,32992,1,1
"KERNEL_DISPATCH","Agent 1",2,1,89862,223,4,"q8_0_quantize_f32",223,3471878304231,3471878306431,0,0,24,0,128,32,1,1,32992,1,1
"KERNEL_DISPATCH","Agent 1",2,1,89862,224,4,"q8_0_quantize_f32",224,3471878310311,3471878312511,0,0,24,0,128,32,1,1,32992,1,1
"KERNEL_DISPATCH","Agent 1",2,1,89862,225,4,"q8_0_quantize_f32",225,3471878316351,3471878318591,0,0,24,0,128,32,1,1,32992,1,1
"KERNEL_DISPATCH","Agent 1",2,1,89862,226,4,"q8_0_quantize_f32",226,3471878322431,3471878324591,0,0,24,0,128,32,1,1,32992,1,1
"KERNEL_DISPATCH","Agent 1",2,1,89862,227,4,"q8_0_quantize_f32",227,3471878328431,3471878330631,0,0,24,0,128,32,1,1,32992,1,1
"KERNEL_DISPATCH","Agent 1",2,1,89862,228,4,"q8_0_quantize_f32",228,3471878367392,3471878369632,0,0,24,0,128,32,1,1,34816,1,1
"KERNEL_DISPATCH","Agent 1",2,1,89862,229,4,"q8_0_quantize_f32",229,3471878373472,3471878375672,0,0,24,0,128,32,1,1,34816,1,1
"KERNEL_DISPATCH","Agent 1",2,1,89862,230,4,"q8_0_quantize_f32",230,3471878379472,3471878381632,0,0,24,0,128,32,1,1,34816,1,1
"KERNEL_DISPATCH","Agent 1",2,1,89862,231,4,"q8_0_quantize_f32",231,3471878385632,3471878387832,0,0,24,0,128,32,1,1,34816,1,1
"KERNEL_DISPATCH","Agent 1",2,1,89862,232,4,"q8_0_quantize_f32",232,3471878391672,3471878393872,0,0,24,0,128,32,1,1,34816,1,1
"KERNEL_DISPATCH","Agent 1",2,1,89862,233,4,"q8_0_quantize_f32",233,3471878397792,3471878399952,0,0,24,0,128,32,1,1,34816,1,1
"KERNEL_DISPATCH","Agent 1",2,1,89862,234,4,"q8_0_quantize_f32",234,3471878403792,3471878405992,0,0,24,0,128,32,1,1,34816,1,1
"KERNEL_DISPATCH","Agent 1",2,1,89862,235,4,"q8_0_quantize_f32",235,3471878409872,3471878412032,0,0,24,0,128,32,1,1,34816,1,1
"KERNEL_DISPATCH","Agent 1",2,1,89862,236,4,"q8_0_quantize_f32",236,3471878415872,3471878418072,0,0,24,0,128,32,1,1,34816,1,1
"KERNEL_DISPATCH","Agent 1",2,1,89862,237,4,"q8_0_quantize_f32",237,3471878421992,3471878424192,0,0,24,0,128,32,1,1,34816,1,1
"KERNEL_DISPATCH","Agent 1",2,1,89862,238,4,"q8_0_quantize_f32",238,3471878462073,3471878464393,0,0,24,0,128,32,1,1,32768,1,1
"KERNEL_DISPATCH","Agent 1",2,1,89862,239,4,"q8_0_quantize_f32",239,3471878468313,3471878471113,0,0,24,0,128,32,1,1,32768,1,1
"KERNEL_DISPATCH","Agent 1",2,1,89862,240,4,"q8_0_quantize_f32",240,3471878474913,3471878477113,0,0,24,0,128,32,1,1,32768,1,1
"KERNEL_DISPATCH","Agent 1",2,1,89862,241,4,"q8_0_quantize_f32",241,3471878481033,3471878483233,0,0,24,0,128,32,1,1,32768,1,1
"KERNEL_DISPATCH","Agent 1",2,1,89862,242,4,"q8_0_quantize_f32",242,3471878487113,3471878489353,0,0,24,0,128,32,1,1,32768,1,1
"KERNEL_DISPATCH","Agent 1",2,1,89862,243,4,"q8_0_quantize_f32",243,3471878493313,3471878495513,0,0,24,0,128,32,1,1,32768,1,1
"KERNEL_DISPATCH","Agent 1",2,1,89862,244,4,"q8_0_quantize_f32",244,3471878499433,3471878501633,0,0,24,0,128,32,1,1,32768,1,1
"KERNEL_DISPATCH","Agent 1",2,1,89862,245,4,"q8_0_quantize_f32",245,3471878505513,3471878507713,0,0,24,0,128,32,1,1,32768,1,1
"KERNEL_DISPATCH","Agent 1",2,1,89862,246,4,"q8_0_quantize_f32",246,3471878511633,3471878513833,0,0,24,0,128,32,1,1,32768,1,1
"KERNEL_DISPATCH","Agent 1",2,1,89862,247,4,"q8_0_quantize_f32",247,3471878517673,3471878519913,0,0,24,0,128,32,1,1,32768,1,1
"KERNEL_DISPATCH","Agent 1",2,1,89862,248,4,"q8_0_quantize_f32",248,3471878558384,3471878560664,0,0,24,0,128,32,1,1,32800,1,1
"KERNEL_DISPATCH","Agent 1",2,1,89862,249,4,"q8_0_quantize_f32",249,3471878564464,3471878566664,0,0,24,0,128,32,1,1,32800,1,1
"KERNEL_DISPATCH","Agent 1",2,1,89862,250,4,"q8_0_quantize_f32",250,3471878570384,3471878572584,0,0,24,0,128,32,1,1,32800,1,1
"KERNEL_DISPATCH","Agent 1",2,1,89862,251,4,"q8_0_quantize_f32",251,3471878576424,3471878578664,0,0,24,0,128,32,1,1,32800,1,1
"KERNEL_DISPATCH","Agent 1",2,1,89862,252,4,"q8_0_quantize_f32",252,3471878582504,3471878584744,0,0,24,0,128,32,1,1,32800,1,1
"KERNEL_DISPATCH","Agent 1",2,1,89862,253,4,"q8_0_quantize_f32",253,3471878588624,3471878590824,0,0,24,0,128,32,1,1,32800,1,1
"KERNEL_DISPATCH","Agent 1",2,1,89862,254,4,"q8_0_quantize_f32",254,3471878594664,3471878596824,0,0,24,0,128,32,1,1,32800,1,1
"KERNEL_DISPATCH","Agent 1",2,1,89862,255,4,"q8_0_quantize_f32",255,3471878600744,3471878602904,0,0,24,0,128,32,1,1,32800,1,1
"KERNEL_DISPATCH","Agent 1",2,1,89862,256,4,"q8_0_quantize_f32",256,3471878606784,3471878608984,0,0,24,0,128,32,1,1,32800,1,1
"KERNEL_DISPATCH","Agent 1",2,1,89862,257,4,"q8_0_quantize_f32",257,3471878612904,3471878615104,0,0,24,0,128,32,1,1,32800,1,1
"KERNEL_DISPATCH","Agent 1",2,1,89862,258,4,"q8_0_quantize_f32",258,3471878653475,3471878655755,0,0,24,0,128,32,1,1,34816,1,1
"KERNEL_DISPATCH","Agent 1",2,1,89862,259,4,"q8_0_quantize_f32",259,3471878659595,3471878661795,0,0,24,0,128,32,1,1,34816,1,1
"KERNEL_DISPATCH","Agent 1",2,1,89862,260,4,"q8_0_quantize_f32",260,3471878665595,3471878667795,0,0,24,0,128,32,1,1,34816,1,1
"KERNEL_DISPATCH","Agent 1",2,1,89862,261,4,"q8_0_quantize_f32",261,3471878671595,3471878673795,0,0,24,0,128,32,1,1,34816,1,1
"KERNEL_DISPATCH","Agent 1",2,1,89862,262,4,"q8_0_quantize_f32",262,3471878677675,3471878679835,0,0,24,0,128,32,1,1,34816,1,1
"KERNEL_DISPATCH","Agent 1",2,1,89862,263,4,"q8_0_quantize_f32",263,3471878683715,3471878685915,0,0,24,0,128,32,1,1,34816,1,1
"KERNEL_DISPATCH","Agent 1",2,1,89862,264,4,"q8_0_quantize_f32",264,3471878689835,3471878692035,0,0,24,0,128,32,1,1,34816,1,1
"KERNEL_DISPATCH","Agent 1",2,1,89862,265,4,"q8_0_quantize_f32",265,3471878695915,3471878698115,0,0,24,0,128,32,1,1,34816,1,1
"KERNEL_DISPATCH","Agent 1",2,1,89862,266,4,"q8_0_quantize_f32",266,3471878701956,3471878704156,0,0,24,0,128,32,1,1,34816,1,1
"KERNEL_DISPATCH","Agent 1",2,1,89862,267,4,"q8_0_quantize_f32",267,3471878708036,3471878710196,0,0,24,0,128,32,1,1,34816,1,1
"KERNEL_DISPATCH","Agent 1",2,1,89862,268,4,"q8_0_quantize_f32",268,3471878748486,3471878750766,0,0,24,0,128,32,1,1,32768,1,1
"KERNEL_DISPATCH","Agent 1",2,1,89862,269,4,"q8_0_quantize_f32",269,3471878754486,3471878756686,0,0,24,0,128,32,1,1,32768,1,1
"KERNEL_DISPATCH","Agent 1",2,1,89862,270,4,"q8_0_quantize_f32",270,3471878760526,3471878762726,0,0,24,0,128,32,1,1,32768,1,1
"KERNEL_DISPATCH","Agent 1",2,1,89862,271,4,"q8_0_quantize_f32",271,3471878766606,3471878768766,0,0,24,0,128,32,1,1,32768,1,1
"KERNEL_DISPATCH","Agent 1",2,1,89862,272,4,"q8_0_quantize_f32",272,3471878772646,3471878774806,0,0,24,0,128,32,1,1,32768,1,1
"KERNEL_DISPATCH","Agent 1",2,1,89862,273,4,"q8_0_quantize_f32",273,3471878778726,3471878780926,0,0,24,0,128,32,1,1,32768,1,1
"KERNEL_DISPATCH","Agent 1",2,1,89862,274,4,"q8_0_quantize_f32",274,3471878784886,3471878787087,0,0,24,0,128,32,1,1,32768,1,1
"KERNEL_DISPATCH","Agent 1",2,1,89862,275,4,"q8_0_quantize_f32",275,3471878791007,3471878793207,0,0,24,0,128,32,1,1,32768,1,1
"KERNEL_DISPATCH","Agent 1",2,1,89862,276,4,"q8_0_quantize_f32",276,3471878797087,3471878799287,0,0,24,0,128,32,1,1,32768,1,1
"KERNEL_DISPATCH","Agent 1",2,1,89862,277,4,"q8_0_quantize_f32",277,3471878803167,3471878805327,0,0,24,0,128,32,1,1,32768,1,1
"KERNEL_DISPATCH","Agent 1",2,1,89862,278,4,"q8_0_quantize_f32",278,3471878843427,3471878845707,0,0,24,0,128,32,1,1,32800,1,1
"KERNEL_DISPATCH","Agent 1",2,1,89862,279,4,"q8_0_quantize_f32",279,3471878849467,3471878852147,0,0,24,0,128,32,1,1,32800,1,1
"KERNEL_DISPATCH","Agent 1",2,1,89862,280,4,"q8_0_quantize_f32",280,3471878855987,3471878858227,0,0,24,0,128,32,1,1,32800,1,1
"KERNEL_DISPATCH","Agent 1",2,1,89862,281,4,"q8_0_quantize_f32",281,3471878862227,3471878864427,0,0,24,0,128,32,1,1,32800,1,1
"KERNEL_DISPATCH","Agent 1",2,1,89862,282,4,"q8_0_quantize_f32",282,3471878868307,3471878870508,0,0,24,0,128,32,1,1,32800,1,1
"KERNEL_DISPATCH","Agent 1",2,1,89862,283,4,"q8_0_quantize_f32",283,3471878874348,3471878876588,0,0,24,0,128,32,1,1,32800,1,1
"KERNEL_DISPATCH","Agent 1",2,1,89862,284,4,"q8_0_quantize_f32",284,3471878880468,3471878882668,0,0,24,0,128,32,1,1,32800,1,1
"KERNEL_DISPATCH","Agent 1",2,1,89862,285,4,"q8_0_quantize_f32",285,3471878886668,3471878888868,0,0,24,0,128,32,1,1,32800,1,1
"KERNEL_DISPATCH","Agent 1",2,1,89862,286,4,"q8_0_quantize_f32",286,3471878892748,3471878894948,0,0,24,0,128,32,1,1,32800,1,1
"KERNEL_DISPATCH","Agent 1",2,1,89862,287,4,"q8_0_quantize_f32",287,3471878898788,3471878900948,0,0,24,0,128,32,1,1,32800,1,1
"KERNEL_DISPATCH","Agent 1",2,1,89862,288,4,"q8_0_quantize_f32",288,3471878939318,3471878941598,0,0,24,0,128,32,1,1,32992,1,1
"KERNEL_DISPATCH","Agent 1",2,1,89862,289,4,"q8_0_quantize_f32",289,3471878945438,3471878947678,0,0,24,0,128,32,1,1,32992,1,1
"KERNEL_DISPATCH","Agent 1",2,1,89862,290,4,"q8_0_quantize_f32",290,3471878951478,3471878953679,0,0,24,0,128,32,1,1,32992,1,1
"KERNEL_DISPATCH","Agent 1",2,1,89862,291,4,"q8_0_quantize_f32",291,3471878957559,3471878959759,0,0,24,0,128,32,1,1,32992,1,1
"KERNEL_DISPATCH","Agent 1",2,1,89862,292,4,"q8_0_quantize_f32",292,3471878963639,3471878965799,0,0,24,0,128,32,1,1,32992,1,1
"KERNEL_DISPATCH","Agent 1",2,1,89862,293,4,"q8_0_quantize_f32",293,3471878969679,3471878971839,0,0,24,0,128,32,1,1,32992,1,1
"KERNEL_DISPATCH","Agent 1",2,1,89862,294,4,"q8_0_quantize_f32",294,3471878975719,3471878977879,0,0,24,0,128,32,1,1,32992,1,1
"KERNEL_DISPATCH","Agent 1",2,1,89862,295,4,"q8_0_quantize_f32",295,3471878981759,3471878983959,0,0,24,0,128,32,1,1,32992,1,1
"KERNEL_DISPATCH","Agent 1",2,1,89862,296,4,"q8_0_quantize_f32",296,3471878987799,3471878989999,0,0,24,0,128,32,1,1,32992,1,1
"KERNEL_DISPATCH","Agent 1",2,1,89862,297,4,"q8_0_quantize_f32",297,3471878993919,3471878996119,0,0,24,0,128,32,1,1,32992,1,1
"KERNEL_DISPATCH","Agent 1",2,1,89862,298,4,"q8_0_quantize_f32",298,3471879034449,3471879036689,0,0,24,0,128,32,1,1,32768,1,1
"KERNEL_DISPATCH","Agent 1",2,1,89862,299,4,"q8_0_quantize_f32",299,3471879040490,3471879043010,0,0,24,0,128,32,1,1,32768,1,1
"KERNEL_DISPATCH","Agent 1",2,1,89862,300,4,"q8_0_quantize_f32",300,3471879047090,3471879049330,0,0,24,0,128,32,1,1,32768,1,1
"KERNEL_DISPATCH","Agent 1",2,1,89862,301,4,"q8_0_quantize_f32",301,3471879053130,3471879055290,0,0,24,0,128,32,1,1,32768,1,1
"KERNEL_DISPATCH","Agent 1",2,1,89862,302,4,"q8_0_quantize_f32",302,3471879059210,3471879061410,0,0,24,0,128,32,1,1,32768,1,1
"KERNEL_DISPATCH","Agent 1",2,1,89862,303,4,"q8_0_quantize_f32",303,3471879065250,3471879067450,0,0,24,0,128,32,1,1,32768,1,1
"KERNEL_DISPATCH","Agent 1",2,1,89862,304,4,"q8_0_quantize_f32",304,3471879071290,3471879073490,0,0,24,0,128,32,1,1,32768,1,1
"KERNEL_DISPATCH","Agent 1",2,1,89862,305,4,"q8_0_quantize_f32",305,3471879077330,3471879079490,0,0,24,0,128,32,1,1,32768,1,1
"KERNEL_DISPATCH","Agent 1",2,1,89862,306,4,"q8_0_quantize_f32",306,3471879083410,3471879085610,0,0,24,0,128,32,1,1,32768,1,1
"KERNEL_DISPATCH","Agent 1",2,1,89862,307,4,"q8_0_quantize_f32",307,3471879089410,3471879091610,0,0,24,0,128,32,1,1,32768,1,1
"KERNEL_DISPATCH","Agent 1",2,1,89862,308,4,"q8_0_quantize_f32",308,3471879130451,3471879132731,0,0,24,0,128,32,1,1,32800,1,1
"KERNEL_DISPATCH","Agent 1",2,1,89862,309,4,"q8_0_quantize_f32",309,3471879136651,3471879138851,0,0,24,0,128,32,1,1,32800,1,1
"KERNEL_DISPATCH","Agent 1",2,1,89862,310,4,"q8_0_quantize_f32",310,3471879142651,3471879144851,0,0,24,0,128,32,1,1,32800,1,1
"KERNEL_DISPATCH","Agent 1",2,1,89862,311,4,"q8_0_quantize_f32",311,3471879148931,3471879151131,0,0,24,0,128,32,1,1,32800,1,1
"KERNEL_DISPATCH","Agent 1",2,1,89862,312,4,"q8_0_quantize_f32",312,3471879154971,3471879157171,0,0,24,0,128,32,1,1,32800,1,1
"KERNEL_DISPATCH","Agent 1",2,1,89862,313,4,"q8_0_quantize_f32",313,3471879161051,3471879163251,0,0,24,0,128,32,1,1,32800,1,1
"KERNEL_DISPATCH","Agent 1",2,1,89862,314,4,"q8_0_quantize_f32",314,3471879167051,3471879169251,0,0,24,0,128,32,1,1,32800,1,1
"KERNEL_DISPATCH","Agent 1",2,1,89862,315,4,"q8_0_quantize_f32",315,3471879173131,3471879175291,0,0,24,0,128,32,1,1,32800,1,1
"KERNEL_DISPATCH","Agent 1",2,1,89862,316,4,"q8_0_quantize_f32",316,3471879179171,3471879181331,0,0,24,0,128,32,1,1,32800,1,1
"KERNEL_DISPATCH","Agent 1",2,1,89862,317,4,"q8_0_quantize_f32",317,3471879185211,3471879187411,0,0,24,0,128,32,1,1,32800,1,1
"KERNEL_DISPATCH","Agent 1",2,1,89862,318,4,"q8_0_quantize_f32",318,3471879226042,3471879228322,0,0,24,0,128,32,1,1,32992,1,1
"KERNEL_DISPATCH","Agent 1",2,1,89862,319,4,"q8_0_quantize_f32",319,3471879232042,3471879234242,0,0,24,0,128,32,1,1,32992,1,1
"KERNEL_DISPATCH","Agent 1",2,1,89862,320,4,"q8_0_quantize_f32",320,3471879238042,3471879240202,0,0,24,0,128,32,1,1,32992,1,1
"KERNEL_DISPATCH","Agent 1",2,1,89862,321,4,"q8_0_quantize_f32",321,3471879244002,3471879246202,0,0,24,0,128,32,1,1,32992,1,1
"KERNEL_DISPATCH","Agent 1",2,1,89862,322,4,"q8_0_quantize_f32",322,3471879250082,3471879252242,0,0,24,0,128,32,1,1,32992,1,1
"KERNEL_DISPATCH","Agent 1",2,1,89862,323,4,"q8_0_quantize_f32",323,3471879256122,3471879258282,0,0,24,0,128,32,1,1,32992,1,1
"KERNEL_DISPATCH","Agent 1",2,1,89862,324,4,"q8_0_quantize_f32",324,3471879262122,3471879264282,0,0,24,0,128,32,1,1,32992,1,1
"KERNEL_DISPATCH","Agent 1",2,1,89862,325,4,"q8_0_quantize_f32",325,3471879268162,3471879270322,0,0,24,0,128,32,1,1,32992,1,1
"KERNEL_DISPATCH","Agent 1",2,1,89862,326,4,"q8_0_quantize_f32",326,3471879274282,3471879276482,0,0,24,0,128,32,1,1,32992,1,1
"KERNEL_DISPATCH","Agent 1",2,1,89862,327,4,"q8_0_quantize_f32",327,3471879280322,3471879282522,0,0,24,0,128,32,1,1,32992,1,1
"KERNEL_DISPATCH","Agent 1",2,1,89862,328,4,"q8_0_quantize_f32",328,3471879318763,3471879321043,0,0,24,0,128,32,1,1,34816,1,1
"KERNEL_DISPATCH","Agent 1",2,1,89862,329,4,"q8_0_quantize_f32",329,3471879325123,3471879327803,0,0,24,0,128,32,1,1,34816,1,1
"KERNEL_DISPATCH","Agent 1",2,1,89862,330,4,"q8_0_quantize_f32",330,3471879331483,3471879333723,0,0,24,0,128,32,1,1,34816,1,1
"KERNEL_DISPATCH","Agent 1",2,1,89862,331,4,"q8_0_quantize_f32",331,3471879337563,3471879339803,0,0,24,0,128,32,1,1,34816,1,1
"KERNEL_DISPATCH","Agent 1",2,1,89862,332,4,"q8_0_quantize_f32",332,3471879343603,3471879345843,0,0,24,0,128,32,1,1,34816,1,1
"KERNEL_DISPATCH","Agent 1",2,1,89862,333,4,"q8_0_quantize_f32",333,3471879349763,3471879352003,0,0,24,0,128,32,1,1,34816,1,1
"KERNEL_DISPATCH","Agent 1",2,1,89862,334,4,"q8_0_quantize_f32",334,3471879355843,3471879358043,0,0,24,0,128,32,1,1,34816,1,1
"KERNEL_DISPATCH","Agent 1",2,1,89862,335,4,"q8_0_quantize_f32",335,3471879361923,3471879364123,0,0,24,0,128,32,1,1,34816,1,1
"KERNEL_DISPATCH","Agent 1",2,1,89862,336,4,"q8_0_quantize_f32",336,3471879367883,3471879370043,0,0,24,0,128,32,1,1,34816,1,1
"KERNEL_DISPATCH","Agent 1",2,1,89862,337,4,"q8_0_quantize_f32",337,3471879373803,3471879376004,0,0,24,0,128,32,1,1,34816,1,1
"KERNEL_DISPATCH","Agent 1",1,0,89862,338,20,"__amd_rocclr_fillBufferAligned",338,3471881008403,3471881011443,0,0,16,0,128,256,1,1,4096,1,1
"KERNEL_DISPATCH","Agent 1",1,0,89862,339,20,"__amd_rocclr_fillBufferAligned",339,3471881015603,3471881017843,0,0,16,0,128,256,1,1,512,1,1
"KERNEL_DISPATCH","Agent 1",1,0,89862,340,20,"__amd_rocclr_fillBufferAligned",340,3471881021683,3471881023923,0,0,16,0,128,256,1,1,4096,1,1
"KERNEL_DISPATCH","Agent 1",1,0,89862,341,20,"__amd_rocclr_fillBufferAligned",341,3471881027683,3471881030043,0,0,16,0,128,256,1,1,512,1,1
"KERNEL_DISPATCH","Agent 1",1,0,89862,342,20,"__amd_rocclr_fillBufferAligned",342,3471881033803,3471881036003,0,0,16,0,128,256,1,1,4096,1,1
"KERNEL_DISPATCH","Agent 1",1,0,89862,343,20,"__amd_rocclr_fillBufferAligned",343,3471881039843,3471881042003,0,0,16,0,128,256,1,1,512,1,1
"KERNEL_DISPATCH","Agent 1",1,0,89862,344,20,"__amd_rocclr_fillBufferAligned",344,3471881045803,3471881048003,0,0,16,0,128,256,1,1,4096,1,1
"KERNEL_DISPATCH","Agent 1",1,0,89862,345,20,"__amd_rocclr_fillBufferAligned",345,3471881051843,3471881054043,0,0,16,0,128,256,1,1,512,1,1
"KERNEL_DISPATCH","Agent 1",1,0,89862,346,4,"q8_0_quantize_f32",346,3471881058044,3471881073044,0,0,24,0,128,32,1,1,65536,1,1
"KERNEL_DISPATCH","Agent 1",1,0,89862,347,4,"q8_0_quantize_f32",347,3471881076924,3471881081204,0,0,24,0,128,32,1,1,65568,1,1
"KERNEL_DISPATCH","Agent 1",1,0,89862,348,4,"q8_0_quantize_f32",348,3471881085044,3471881089284,0,0,24,0,128,32,1,1,65760,1,1
"KERNEL_DISPATCH","Agent 1",1,0,89862,349,4,"q8_0_quantize_f32",349,3471881093124,3471881097284,0,0,24,0,128,32,1,1,67584,1,1
"KERNEL_DISPATCH","Agent 1",1,0,89862,350,11,"__amd_rocclr_copyBuffer",350,3471881166055,3471881168655,0,0,16,0,128,512,1,1,512,1,1
"KERNEL_DISPATCH","Agent 1",1,0,89862,351,11,"__amd_rocclr_copyBuffer",351,3471881449328,3471881451848,0,0,16,0,128,512,1,1,512,1,1
"KERNEL_DISPATCH","Agent 1",1,0,89862,352,11,"__amd_rocclr_copyBuffer",352,3471881541619,3471881544219,0,0,16,0,128,512,1,1,512,1,1
"KERNEL_DISPATCH","Agent 1",1,0,89862,353,11,"__amd_rocclr_copyBuffer",353,3471881633690,3471881636170,0,0,16,0,128,512,1,1,512,1,1
"KERNEL_DISPATCH","Agent 1",2,3,89862,354,23,"kb::kb_spin(unsigned long)",354,3471882333026,3472182337877,0,8,8,0,128,64,1,1,8192,1,1
"KERNEL_DISPATCH","Agent 1",2,3,89862,355,4,"q8_0_quantize_f32",355,3472182511058,3472182525378,0,0,24,0,128,32,1,1,65536,1,1
"KERNEL_DISPATCH","Agent 1",2,3,89862,356,4,"q8_0_quantize_f32",356,3472182529378,3472182544458,0,0,24,0,128,32,1,1,65536,1,1
"KERNEL_DISPATCH","Agent 1",2,3,89862,357,4,"q8_0_quantize_f32",357,3472182548378,3472182562979,0,0,24,0,128,32,1,1,65536,1,1
"KERNEL_DISPATCH","Agent 1",2,3,89862,358,4,"q8_0_quantize_f32",358,3472182566819,3472182581419,0,0,24,0,128,32,1,1,65536,1,1
"KERNEL_DISPATCH","Agent 1",2,3,89862,359,4,"q8_0_quantize_f32",359,3472182585139,3472182599739,0,0,24,0,128,32,1,1,65536,1,1
"KERNEL_DISPATCH","Agent 1",2,3,89862,360,4,"q8_0_quantize_f32",360,3472182603579,3472182618499,0,0,24,0,128,32,1,1,65536,1,1
"KERNEL_DISPATCH","Agent 1",2,3,89862,361,4,"q8_0_quantize_f32",361,3472182622179,3472182636739,0,0,24,0,128,32,1,1,65536,1,1
"KERNEL_DISPATCH","Agent 1",2,3,89862,362,4,"q8_0_quantize_f32",362,3472182640539,3472182655140,0,0,24,0,128,32,1,1,65536,1,1
"KERNEL_DISPATCH","Agent 1",2,3,89862,363,4,"q8_0_quantize_f32",363,3472182658900,3472182673700,0,0,24,0,128,32,1,1,65536,1,1
"KERNEL_DISPATCH","Agent 1",2,3,89862,364,4,"q8_0_quantize_f32",364,3472182677580,3472182692140,0,0,24,0,128,32,1,1,65536,1,1
"KERNEL_DISPATCH","Agent 1",2,3,89862,365,4,"q8_0_quantize_f32",365,3472182702980,3472182706780,0,0,24,0,128,32,1,1,65568,1,1
"KERNEL_DISPATCH","Agent 1",2,3,89862,366,4,"q8_0_quantize_f32",366,3472182710700,3472182714140,0,0,24,0,128,32,1,1,65568,1,1
"KERNEL_DISPATCH","Agent 1",2,3,89862,367,4,"q8_0_quantize_f32",367,3472182717940,3472182721380,0,0,24,0,128,32,1,1,65568,1,1
"KERNEL_DISPATCH","Agent 1",2,3,89862,368,4,"q8_0_quantize_f32",368,3472182725140,3472182728620,0,0,24,0,128,32,1,1,65568,1,1
"KERNEL_DISPATCH","Agent 1",2,3,89862,369,4,"q8_0_quantize_f32",369,3472182732500,3472182735941,0,0,24,0,128,32,1,1,65568,1,1
"KERNEL_DISPATCH","Agent 1",2,3,89862,370,4,"q8_0_quantize_f32",370,3472182739821,3472182743261,0,0,24,0,128,32,1,1,65568,1,1
"KERNEL_DISPATCH","Agent 1",2,3,89862,371,4,"q8_0_quantize_f32",371,3472182747141,3472182750581,0,0,24,0,128,32,1,1,65568,1,1
"KERNEL_DISPATCH","Agent 1",2,3,89862,372,4,"q8_0_quantize_f32",372,3472182754341,3472182757781,0,0,24,0,128,32,1,1,65568,1,1
"KERNEL_DISPATCH","Agent 1",2,3,89862,373,4,"q8_0_quantize_f32",373,3472182761541,3472182765021,0,0,24,0,128,32,1,1,65568,1,1
"KERNEL_DISPATCH","Agent 1",2,3,89862,374,4,"q8_0_quantize_f32",374,3472182768861,3472182772301,0,0,24,0,128,32,1,1,65568,1,1
"KERNEL_DISPATCH","Agent 1",2,3,89862,375,4,"q8_0_quantize_f32",375,3472182782941,3472182786781,0,0,24,0,128,32,1,1,65760,1,1
"KERNEL_DISPATCH","Agent 1",2,3,89862,376,4,"q8_0_quantize_f32",376,3472182790661,3472182794101,0,0,24,0,128,32,1,1,65760,1,1
"KERNEL_DISPATCH","Agent 1",2,3,89862,377,4,"q8_0_quantize_f32",377,3472182797981,3472182801421,0,0,24,0,128,32,1,1,65760,1,1
"KERNEL_DISPATCH","Agent 1",2,3,89862,378,4,"q8_0_quantize_f32",378,3472182805181,3472182808621,0,0,24,0,128,32,1,1,65760,1,1
"KERNEL_DISPATCH","Agent 1",2,3,89862,379,4,"q8_0_quantize_f32",379,3472182812301,3472182815741,0,0,24,0,128,32,1,1,65760,1,1
"KERNEL_DISPATCH","Agent 1",2,3,89862,380,4,"q8_0_quantize_f32",380,3472182819541,3472182822942,0,0,24,0,128,32,1,1,65760,1,1
"KERNEL_DISPATCH","Agent 1",2,3,89862,381,4,"q8_0_quantize_f32",381,3472182826702,3472182830222,0,0,24,0,128,32,1,1,65760,1,1
"KERNEL_DISPATCH","Agent 1",2,3,89862,382,4,"q8_0_quantize_f32",382,3472182833942,3472182837422,0,0,24,0,128,32,1,1,65760,1,1
"KERNEL_DISPATCH","Agent 1",2,3,89862,383,4,"q8_0_quantize_f32",383,3472182841302,3472182844702,0,0,24,0,128,32,1,1,65760,1,1
"KERNEL_DISPATCH","Agent 1",2,3,89862,384,4,"q8_0_quantize_f32",384,3472182848622,3472182852062,0,0,24,0,128,32,1,1,65760,1,1
"KERNEL_DISPATCH","Agent 1",2,3,89862,385,4,"q8_0_quantize_f32",385,3472182862782,3472182866582,0,0,24,0,128,32,1,1,67584,1,1
"KERNEL_DISPATCH","Agent 1",2,3,89862,386,4,"q8_0_quantize_f32",386,3472182870502,3472182873982,0,0,24,0,128,32,1,1,67584,1,1
"KERNEL_DISPATCH","Agent 1",2,3,89862,387,4,"q8_0_quantize_f32",387,3472182877822,3472182881302,0,0,24,0,128,32,1,1,67584,1,1
"KERNEL_DISPATCH","Agent 1",2,3,89862,388,4,"q8_0_quantize_f32",388,3472182885182,3472182888662,0,0,24,0,128,32,1,1,67584,1,1
"KERNEL_DISPATCH","Agent 1",2,3,89862,389,4,"q8_0_quantize_f32",389,3472182892422,3472182895822,0,0,24,0,128,32,1,1,67584,1,1
"KERNEL_DISPATCH","Agent 1",2,3,89862,390,4,"q8_0_quantize_f32",390,3472182899742,3472182903222,0,0,24,0,128,32,1,1,67584,1,1
"KERNEL_DISPATCH","Agent 1",2,3,89862,391,4,"q8_0_quantize_f32",391,3472182907023,3472182910463,0,0,24,0,128,32,1,1,67584,1,1
"KERNEL_DISPATCH","Agent 1",2,3,89862,392,4,"q8_0_quantize_f32",392,3472182914303,3472182917743,0,0,24,0,128,32,1,1,67584,1,1
"KERNEL_DISPATCH","Agent 1",2,3,89862,393,4,"q8_0_quantize_f32",393,3472182921383,3472182924823,0,0,24,0,128,32,1,1,67584,1,1
"KERNEL_DISPATCH","Agent 1",2,3,89862,394,4,"q8_0_quantize_f32",394,3472182928703,3472182932143,0,0,24,0,128,32,1,1,67584,1,1
"KERNEL_DISPATCH","Agent 1",2,3,89862,395,4,"q8_0_quantize_f32",395,3472182942823,3472182957343,0,0,24,0,128,32,1,1,65536,1,1
"KERNEL_DISPATCH","Agent 1",2,3,89862,396,4,"q8_0_quantize_f32",396,3472182961183,3472182975703,0,0,24,0,128,32,1,1,65536,1,1
"KERNEL_DISPATCH","Agent 1",2,3,89862,397,4,"q8_0_quantize_f32",397,3472182979543,3472182994504,0,0,24,0,128,32,1,1,65536,1,1
"KERNEL_DISPATCH","Agent 1",2,3,89862,398,4,"q8_0_quantize_f32",398,3472182998304,3472183012944,0,0,24,0,128,32,1,1,65536,1,1
"KERNEL_DISPATCH","Agent 1",2,3,89862,399,4,"q8_0_quantize_f32",399,3472183016744,3472183031424,0,0,24,0,128,32,1,1,65536,1,1
"KERNEL_DISPATCH","Agent 1",2,3,89862,400,4,"q8_0_quantize_f32",400,3472183035264,3472183049504,0,0,24,0,128,32,1,1,65536,1,1
"KERNEL_DISPATCH","Agent 1",2,3,89862,401,4,"q8_0_quantize_f32",401,3472183053344,3472183068184,0,0,24,0,128,32,1,1,65536,1,1
"KERNEL_DISPATCH","Agent 1",2,3,89862,402,4,"q8_0_quantize_f32",402,3472183071944,3472183086825,0,0,24,0,128,32,1,1,65536,1,1
"KERNEL_DISPATCH","Agent 1",2,3,89862,403,4,"q8_0_quantize_f32",403,3472183090705,3472183105305,0,0,24,0,128,32,1,1,65536,1,1
"KERNEL_DISPATCH","Agent 1",2,3,89862,404,4,"q8_0_quantize_f32",404,3472183109025,3472183123705,0,0,24,0,128,32,1,1,65536,1,1
"KERNEL_DISPATCH","Agent 1",2,3,89862,405,4,"q8_0_quantize_f32",405,3472183134785,3472183138225,0,0,24,0,128,32,1,1,65568,1,1
"KERNEL_DISPATCH","Agent 1",2,3,89862,406,4,"q8_0_quantize_f32",406,3472183142105,3472183145505,0,0,24,0,128,32,1,1,65568,1,1
"KERNEL_DISPATCH","Agent 1",2,3,89862,407,4,"q8_0_quantize_f32",407,3472183149385,3472183152745,0,0,24,0,128,32,1,1,65568,1,1
"KERNEL_DISPATCH","Agent 1",2,3,89862,408,4,"q8_0_quantize_f32",408,3472183156705,3472183160025,0,0,24,0,128,32,1,1,65568,1,1
"KERNEL_DISPATCH","Agent 1",2,3,89862,409,4,"q8_0_quantize_f32",409,3472183163905,3472183167266,0,0,24,0,128,32,1,1,65568,1,1
"KERNEL_DISPATCH","Agent 1",2,3,89862,410,4,"q8_0_quantize_f32",410,3472183171186,3472183174546,0,0,24,0,128,32,1,1,65568,1,1
"KERNEL_DISPATCH","Agent 1",2,3,89862,411,4,"q8_0_quantize_f32",411,3472183178386,3472183181706,0,0,24,0,128,32,1,1,65568,1,1
"KERNEL_DISPATCH","Agent 1",2,3,89862,412,4,"q8_0_quantize_f32",412,3472183185546,3472183188866,0,0,24,0,128,32,1,1,65568,1,1
"KERNEL_DISPATCH","Agent 1",2,3,89862,413,4,"q8_0_quantize_f32",413,3472183192666,3472183196026,0,0,24,0,128,32,1,1,65568,1,1
"KERNEL_DISPATCH","Agent 1",2,3,89862,414,4,"q8_0_quantize_f32",414,3472183199826,3472183203146,0,0,24,0,128,32,1,1,65568,1,1
"KERNEL_DISPATCH","Agent 1",2,3,89862,415,4,"q8_0_quantize_f32",415,3472183213306,3472183216746,0,0,24,0,128,32,1,1,65760,1,1
"KERNEL_DISPATCH","Agent 1",2,3,89862,416,4,"q8_0_quantize_f32",416,3472183220506,3472183224146,0,0,24,0,128,32,1,1,65760,1,1
"KERNEL_DISPATCH","Agent 1",2,3,89862,417,4,"q8_0_quantize_f32",417,3472183227986,3472183231346,0,0,24,0,128,32,1,1,65760,1,1
"KERNEL_DISPATCH","Agent 1",2,3,89862,418,4,"q8_0_quantize_f32",418,3472183235226,3472183238626,0,0,24,0,128,32,1,1,65760,1,1
"KERNEL_DISPATCH","Agent 1",2,3,89862,419,4,"q8_0_quantize_f32",419,3472183242386,3472183245746,0,0,24,0,128,32,1,1,65760,1,1
"KERNEL_DISPATCH","Agent 1",2,3,89862,420,4,"q8_0_quantize_f32",420,3472183249586,3472183252947,0,0,24,0,128,32,1,1,65760,1,1
"KERNEL_DISPATCH","Agent 1",2,3,89862,421,4,"q8_0_quantize_f32",421,3472183256827,3472183260187,0,0,24,0,128,32,1,1,65760,1,1
"KERNEL_DISPATCH","Agent 1",2,3,89862,422,4,"q8_0_quantize_f32",422,3472183264027,3472183267387,0,0,24,0,128,32,1,1,65760,1,1
"KERNEL_DISPATCH","Agent 1",2,3,89862,423,4,"q8_0_quantize_f32",423,3472183271187,3472183274547,0,0,24,0,128,32,1,1,65760,1,1
"KERNEL_DISPATCH","Agent 1",2,3,89862,424,4,"q8_0_quantize_f32",424,3472183278387,3472183281747,0,0,24,0,128,32,1,1,65760,1,1
"KERNEL_DISPATCH","Agent 1",2,3,89862,425,4,"q8_0_quantize_f32",425,3472183291947,3472183295387,0,0,24,0,128,32,1,1,67584,1,1
"KERNEL_DISPATCH","Agent 1",2,3,89862,426,4,"q8_0_quantize_f32",426,3472183299147,3472183302507,0,0,24,0,128,32,1,1,67584,1,1
"KERNEL_DISPATCH","Agent 1",2,3,89862,427,4,"q8_0_quantize_f32",427,3472183306267,3472183309667,0,0,24,0,128,32,1,1,67584,1,1
"KERNEL_DISPATCH","Agent 1",2,3,89862,428,4,"q8_0_quantize_f32",428,3472183313467,3472183316827,0,0,24,0,128,32,1,1,67584,1,1
"KERNEL_DISPATCH","Agent 1",2,3,89862,429,4,"q8_0_quantize_f32",429,3472183320587,3472183323947,0,0,24,0,128,32,1,1,67584,1,1
"KERNEL_DISPATCH","Agent 1",2,3,89862,430,4,"q8_0_quantize_f32",430,3472183327827,3472183331187,0,0,24,0,128,32,1,1,67584,1,1
"KERNEL_DISPATCH","Agent 1",2,3,89862,431,4,"q8_0_quantize_f32",431,3472183335027,3472183338428,0,0,24,0,128,32,1,1,67584,1,1
"KERNEL_DISPATCH","Agent 1",2,3,89862,432,4,"q8_0_quantize_f32",432,3472183342308,3472183345668,0,0,24,0,128,32,1,1,67584,1,1
"KERNEL_DISPATCH","Agent 1",2,3,89862,433,4,"q8_0_quantize_f32",433,3472183349508,3472183352868,0,0,24,0,128,32,1,1,67584,1,1
"KERNEL_DISPATCH","Agent 1",2,3,89862,434,4,"q8_0_quantize_f32",434,3472183356708,3472183360068,0,0,24,0,128,32,1,1,67584,1,1
"KERNEL_DISPATCH","Agent 1",2,3,89862,435,4,"q8_0_quantize_f32",435,3472183370388,3472183384628,0,0,24,0,128,32,1,1,65536,1,1
"KERNEL_DISPATCH","Agent 1",2,3,89862,436,4,"q8_0_quantize_f32",436,3472183388428,3472183403468,0,0,24,0,128,32,1,1,65536,1,1
"KERNEL_DISPATCH","Agent 1",2,3,89862,437,4,"q8_0_quantize_f32",437,3472183407348,3472183421948,0,0,24,0,128,32,1,1,65536,1,1
"KERNEL_DISPATCH","Agent 1",2,3,89862,438,4,"q8_0_quantize_f32",438,3472183425709,3472183440349,0,0,24,0,128,32,1,1,65536,1,1
"KERNEL_DISPATCH","Agent 1",2,3,89862,439,4,"q8_0_quantize_f32",439,3472183444429,3472183459109,0,0,24,0,128,32,1,1,65536,1,1
"KERNEL_DISPATCH","Agent 1",2,3,89862,440,4,"q8_0_quantize_f32",440,3472183462909,3472183477869,0,0,24,0,128,32,1,1,65536,1,1
"KERNEL_DISPATCH","Agent 1",2,3,89862,441,4,"q8_0_quantize_f32",441,3472183481669,3472183496309,0,0,24,0,128,32,1,1,65536,1,1
"KERNEL_DISPATCH","Agent 1",2,3,89862,442,4,"q8_0_quantize_f32",442,3472183500069,3472183514670,0,0,24,0,128,32,1,1,65536,1,1
"KERNEL_DISPATCH","Agent 1",2,3,89862,443,4,"q8_0_quantize_f32",443,3472183518470,3472183533310,0,0,24,0,128,32,1,1,65536,1,1
"KERNEL_DISPATCH","Agent 1",2,3,89862,444,4,"q8_0_quantize_f32",444,3472183537150,3472183551750,0,0,24,0,128,32,1,1,65536,1,1
"KERNEL_DISPATCH","Agent 1",2,3,89862,445,4,"q8_0_quantize_f32",445,3472183562310,3472183565790,0,0,24,0,128,32,1,1,65568,1,1
"KERNEL_DISPATCH","Agent 1",2,3,89862,446,4,"q8_0_quantize_f32",446,3472183569590,3472183572990,0,0,24,0,128,32,1,1,65568,1,1
"KERNEL_DISPATCH","Agent 1",2,3,89862,447,4,"q8_0_quantize_f32",447,3472183576870,3472183580230,0,0,24,0,128,32,1,1,65568,1,1
"KERNEL_DISPATCH","Agent 1",2,3,89862,448,4,"q8_0_quantize_f32",448,3472183584030,3472183587390,0,0,24,0,128,32,1,1,65568,1,1
"KERNEL_DISPATCH","Agent 1",2,3,89862,449,4,"q8_0_quantize_f32",449,3472183591270,3472183594591,0,0,24,0,128,32,1,1,65568,1,1
"KERNEL_DISPATCH","Agent 1",2,3,89862,450,4,"q8_0_quantize_f32",450,3472183598471,3472183601871,0,0,24,0,128,32,1,1,65568,1,1
"KERNEL_DISPATCH","Agent 1",2,3,89862,451,4,"q8_0_quantize_f32",451,3472183605631,3472183609031,0,0,24,0,128,32,1,1,65568,1,1
"KERNEL_DISPATCH","Agent 1",2,3,89862,452,4,"q8_0_quantize_f32",452,3472183612871,3472183616231,0,0,24,0,128,32,1,1,65568,1,1
"KERNEL_DISPATCH","Agent 1",2,3,89862,453,4,"q8_0_quantize_f32",453,3472183620151,3472183623511,0,0,24,0,128,32,1,1,65568,1,1
"KERNEL_DISPATCH","Agent 1",2,3,89862,454,4,"q8_0_quantize_f32",454,3472183627311,3472183630671,0,0,24,0,128,32,1,1,65568,1,1
"KERNEL_DISPATCH","Agent 1",2,3,89862,455,4,"q8_0_quantize_f32",455,3472183641111,3472183644551,0,0,24,0,128,32,1,1,65760,1,1
"KERNEL_DISPATCH","Agent 1",2,3,89862,456,4,"q8_0_quantize_f32",456,3472183648391,3472183651751,0,0,24,0,128,32,1,1,65760,1,1
"KERNEL_DISPATCH","Agent 1",2,3,89862,457,4,"q8_0_quantize_f32",457,3472183655591,3472183658951,0,0,24,0,128,32,1,1,65760,1,1
"KERNEL_DISPATCH","Agent 1",2,3,89862,458,4,"q8_0_quantize_f32",458,3472183662791,3472183666231,0,0,24,0,128,32,1,1,65760,1,1
"KERNEL_DISPATCH","Agent 1",2,3,89862,459,4,"q8_0_quantize_f32",459,3472183670111,3472183673471,0,0,24,0,128,32,1,1,65760,1,1
"KERNEL_DISPATCH","Agent 1",2,3,89862,460,4,"q8_0_quantize_f32",460,3472183677351,3472183680712,0,0,24,0,128,32,1,1,65760,1,1
"KERNEL_DISPATCH","Agent 1",2,3,89862,461,4,"q8_0_quantize_f32",461,3472183684472,3472183687832,0,0,24,0,128,32,1,1,65760,1,1
"KERNEL_DISPATCH","Agent 1",2,3,89862,462,4,"q8_0_quantize_f32",462,3472183691552,3472183694912,0,0,24,0,128,32,1,1,65760,1,1
"KERNEL_DISPATCH","Agent 1",2,3,89862,463,4,"q8_0_quantize_f32",463,3472183698832,3472183702232,0,0,24,0,128,32,1,1,65760,1,1
"KERNEL_DISPATCH","Agent 1",2,3,89862,464,4,"q8_0_quantize_f32",464,3472183706072,3472183709432,0,0,24,0,128,32,1,1,65760,1,1
"KERNEL_DISPATCH","Agent 1",2,3,89862,465,4,"q8_0_quantize_f32",465,3472183720112,3472183723512,0,0,24,0,128,32,1,1,67584,1,1
"KERNEL_DISPATCH","Agent 1",2,3,89862,466,4,"q8_0_quantize_f32",466,3472183727392,3472183730752,0,0,24,0,128,32,1,1,67584,1,1
"KERNEL_DISPATCH","Agent 1",2,3,89862,467,4,"q8_0_quantize_f32",467,3472183734512,3472183737872,0,0,24,0,128,32,1,1,67584,1,1
"KERNEL_DISPATCH","Agent 1",2,3,89862,468,4,"q8_0_quantize_f32",468,3472183741872,3472183745232,0,0,24,0,128,32,1,1,67584,1,1
"KERNEL_DISPATCH","Agent 1",2,3,89862,469,4,"q8_0_quantize_f32",469,3472183749072,3472183752392,0,0,24,0,128,32,1,1,67584,1,1
"KERNEL_DISPATCH","Agent 1",2,3,89862,470,4,"q8_0_quantize_f32",470,3472183756192,3472183759552,0,0,24,0,128,32,1,1,67584,1,1
"KERNEL_DISPATCH","Agent 1",2,3,89862,471,4,"q8_0_quantize_f32",471,3472183763392,3472183766713,0,0,24,0,128,32,1,1,67584,1,1
"KERNEL_DISPATCH","Agent 1",2,3,89862,472,4,"q8_0_quantize_f32",472,3472183770593,3472183773953,0,0,24,0,128,32,1,1,67584,1,1
"KERNEL_DISPATCH","Agent 1",2,3,89862,473,4,"q8_0_quantize_f32",473,3472183777873,3472183781233,0,0,24,0,128,32,1,1,67584,1,1
"KERNEL_DISPATCH","Agent 1",2,3,89862,474,4,"q8_0_quantize_f32",474,3472183784993,3472183788353,0,0,24,0,128,32,1,1,67584,1,1
"KERNEL_DISPATCH","Agent 1",2,3,89862,475,4,"q8_0_quantize_f32",475,3472183830153,3472183844913,0,0,24,0,128,32,1,1,65536,1,1
"KERNEL_DISPATCH","Agent 1",2,3,89862,476,4,"q8_0_quantize_f32",476,3472183848833,3472183863034,0,0,24,0,128,32,1,1,65536,1,1
"KERNEL_DISPATCH","Agent 1",2,3,89862,477,4,"q8_0_quantize_f32",477,3472183866914,3472183881194,0,0,24,0,128,32,1,1,65536,1,1
"KERNEL_DISPATCH","Agent 1",2,3,89862,478,4,"q8_0_quantize_f32",478,3472183885074,3472183899314,0,0,24,0,128,32,1,1,65536,1,1
"KERNEL_DISPATCH","Agent 1",2,3,89862,479,4,"q8_0_quantize_f32",479,3472183903154,3472183917434,0,0,24,0,128,32,1,1,65536,1,1
"KERNEL_DISPATCH","Agent 1",2,3,89862,480,4,"q8_0_quantize_f32",480,3472183921234,3472183935434,0,0,24,0,128,32,1,1,65536,1,1
"KERNEL_DISPATCH","Agent 1",2,3,89862,481,4,"q8_0_quantize_f32",481,3472183939235,3472183953475,0,0,24,0,128,32,1,1,65536,1,1
"KERNEL_DISPATCH","Agent 1",2,3,89862,482,4,"q8_0_quantize_f32",482,3472183957475,3472183971635,0,0,24,0,128,32,1,1,65536,1,1
"KERNEL_DISPATCH","Agent 1",2,3,89862,483,4,"q8_0_quantize_f32",483,3472183975515,3472183989675,0,0,24,0,128,32,1,1,65536,1,1
"KERNEL_DISPATCH","Agent 1",2,3,89862,484,4,"q8_0_quantize_f32",484,3472183993435,3472184007595,0,0,24,0,128,32,1,1,65536,1,1
"KERNEL_DISPATCH","Agent 1",2,3,89862,485,4,"q8_0_quantize_f32",485,3472184049576,3472184053016,0,0,24,0,128,32,1,1,65568,1,1
"KERNEL_DISPATCH","Agent 1",2,3,89862,486,4,"q8_0_quantize_f32",486,3472184056816,3472184060176,0,0,24,0,128,32,1,1,65568,1,1
"KERNEL_DISPATCH","Agent 1",2,3,89862,487,4,"q8_0_quantize_f32",487,3472184063856,3472184067256,0,0,24,0,128,32,1,1,65568,1,1
"KERNEL_DISPATCH","Agent 1",2,3,89862,488,4,"q8_0_quantize_f32",488,3472184071216,3472184074616,0,0,24,0,128,32,1,1,65568,1,1
"KERNEL_DISPATCH","Agent 1",2,3,89862,489,4,"q8_0_quantize_f32",489,3472184078496,3472184081856,0,0,24,0,128,32,1,1,65568,1,1
"KERNEL_DISPATCH","Agent 1",2,3,89862,490,4,"q8_0_quantize_f32",490,3472184085656,3472184089016,0,0,24,0,128,32,1,1,65568,1,1
"KERNEL_DISPATCH","Agent 1",2,3,89862,491,4,"q8_0_quantize_f32",491,3472184092856,3472184096216,0,0,24,0,128,32,1,1,65568,1,1
"KERNEL_DISPATCH","Agent 1",2,3,89862,492,4,"q8_0_quantize_f32",492,3472184100096,3472184103456,0,0,24,0,128,32,1,1,65568,1,1
"KERNEL_DISPATCH","Agent 1",2,3,89862,493,4,"q8_0_quantize_f32",493,3472184107336,3472184110697,0,0,24,0,128,32,1,1,65568,1,1
"KERNEL_DISPATCH","Agent 1",2,3,89862,494,4,"q8_0_quantize_f32",494,3472184114497,3472184117857,0,0,24,0,128,32,1,1,65568,1,1
"KERNEL_DISPATCH","Agent 1",2,3,89862,495,4,"q8_0_quantize_f32",495,3472184156847,3472184160327,0,0,24,0,128,32,1,1,65760,1,1
"KERNEL_DISPATCH","Agent 1",2,3,89862,496,4,"q8_0_quantize_f32",496,3472184164087,3472184167767,0,0,24,0,128,32,1,1,65760,1,1
"KERNEL_DISPATCH","Agent 1",2,3,89862,497,4,"q8_0_quantize_f32",497,3472184171527,3472184174887,0,0,24,0,128,32,1,1,65760,1,1
"KERNEL_DISPATCH","Agent 1",2,3,89862,498,4,"q8_0_quantize_f32",498,3472184178927,3472184182287,0,0,24,0,128,32,1,1,65760,1,1
"KERNEL_DISPATCH","Agent 1",2,3,89862,499,4,"q8_0_quantize_f32",499,3472184186287,3472184189647,0,0,24,0,128,32,1,1,65760,1,1
"KERNEL_DISPATCH","Agent 1",2,3,89862,500,4,"q8_0_quantize_f32",500,3472184193447,3472184196848,0,0,24,0,128,32,1,1,65760,1,1
"KERNEL_DISPATCH","Agent 1",2,3,89862,501,4,"q8_0_quantize_f32",501,3472184200648,3472184204008,0,0,24,0,128,32,1,1,65760,1,1
"KERNEL_DISPATCH","Agent 1",2,3,89862,502,4,"q8_0_quantize_f32",502,3472184207848,3472184211208,0,0,24,0,128,32,1,1,65760,1,1
"KERNEL_DISPATCH","Agent 1",2,3,89862,503,4,"q8_0_quantize_f32",503,3472184215088,3472184218448,0,0,24,0,128,32,1,1,65760,1,1
"KERNEL_DISPATCH","Agent 1",2,3,89862,504,4,"q8_0_quantize_f32",504,3472184222208,3472184225568,0,0,24,0,128,32,1,1,65760,1,1
"KERNEL_DISPATCH","Agent 1",2,3,89862,505,4,"q8_0_quantize_f32",505,3472184264078,3472184267558,0,0,24,0,128,32,1,1,67584,1,1
"KERNEL_DISPATCH","Agent 1",2,3,89862,506,4,"q8_0_quantize_f32",506,3472184271358,3472184274758,0,0,24,0,128,32,1,1,67584,1,1
"KERNEL_DISPATCH","Agent 1",2,3,89862,507,4,"q8_0_quantize_f32",507,3472184278638,3472184282039,0,0,24,0,128,32,1,1,67584,1,1
"KERNEL_DISPATCH","Agent 1",2,3,89862,508,4,"q8_0_quantize_f32",508,3472184285879,3472184289239,0,0,24,0,128,32,1,1,67584,1,1
"KERNEL_DISPATCH","Agent 1",2,3,89862,509,4,"q8_0_quantize_f32",509,3472184293079,3472184296399,0,0,24,0,128,32,1,1,67584,1,1
"KERNEL_DISPATCH","Agent 1",2,3,89862,510,4,"q8_0_quantize_f32",510,3472184300239,3472184303599,0,0,24,0,128,32,1,1,67584,1,1
"KERNEL_DISPATCH","Agent 1",2,3,89862,511,4,"q8_0_quantize_f32",511,3472184307479,3472184310839,0,0,24,0,128,32,1,1,67584,1,1
"KERNEL_DISPATCH","Agent 1",2,3,89862,512,4,"q8_0_quantize_f32",512,3472184314679,3472184318039,0,0,24,0,128,32,1,1,67584,1,1
"KERNEL_DISPATCH","Agent 1",2,3,89862,513,4,"q8_0_quantize_f32",513,3472184321959,3472184325319,0,0,24,0,128,32,1,1,67584,1,1
"KERNEL_DISPATCH","Agent 1",2,3,89862,514,4,"q8_0_quantize_f32",514,3472184329079,3472184332439,0,0,24,0,128,32,1,1,67584,1,1
"KERNEL_DISPATCH","Agent 1",2,3,89862,515,4,"q8_0_quantize_f32",515,3472184371640,3472184375680,0,0,24,0,128,32,1,1,65568,1,1
"KERNEL_DISPATCH","Agent 1",2,3,89862,516,4,"q8_0_quantize_f32",516,3472184379560,3472184383040,0,0,24,0,128,32,1,1,65568,1,1
"KERNEL_DISPATCH","Agent 1",2,3,89862,517,4,"q8_0_quantize_f32",517,3472184386760,3472184390080,0,0,24,0,128,32,1,1,65568,1,1
"KERNEL_DISPATCH","Agent 1",2,3,89862,518,4,"q8_0_quantize_f32",518,3472184393960,3472184397320,0,0,24,0,128,32,1,1,65568,1,1
"KERNEL_DISPATCH","Agent 1",2,3,89862,519,4,"q8_0_quantize_f32",519,3472184401200,3472184404560,0,0,24,0,128,32,1,1,65568,1,1
"KERNEL_DISPATCH","Agent 1",2,3,89862,520,4,"q8_0_quantize_f32",520,3472184408360,3472184411720,0,0,24,0,128,32,1,1,65568,1,1
"KERNEL_DISPATCH","Agent 1",2,3,89862,521,4,"q8_0_quantize_f32",521,3472184415560,3472184418920,0,0,24,0,128,32,1,1,65568,1,1
"KERNEL_DISPATCH","Agent 1",2,3,89862,522,4,"q8_0_quantize_f32",522,3472184422760,3472184426120,0,0,24,0,128,32,1,1,65568,1,1
"KERNEL_DISPATCH","Agent 1",2,3,89862,523,4,"q8_0_quantize_f32",523,3472184429960,3472184433360,0,0,24,0,128,32,1,1,65568,1,1
"KERNEL_DISPATCH","Agent 1",2,3,89862,524,4,"q8_0_quantize_f32",524,3472184437160,3472184440560,0,0,24,0,128,32,1,1,65568,1,1
"KERNEL_DISPATCH","Agent 1",2,3,89862,525,4,"q8_0_quantize_f32",525,3472184479491,3472184483411,0,0,24,0,128,32,1,1,65760,1,1
"KERNEL_DISPATCH","Agent 1",2,3,89862,526,4,"q8_0_quantize_f32",526,3472184487211,3472184490731,0,0,24,0,128,32,1,1,65760,1,1
"KERNEL_DISPATCH","Agent 1",2,3,89862,527,4,"q8_0_quantize_f32",527,3472184494491,3472184497851,0,0,24,0,128,32,1,1,65760,1,1
"KERNEL_DISPATCH","Agent 1",2,3,89862,528,4,"q8_0_quantize_f32",528,3472184501731,3472184505091,0,0,24,0,128,32,1,1,65760,1,1
"KERNEL_DISPATCH","Agent 1",2,3,89862,529,4,"q8_0_quantize_f32",529,3472184509051,3472184512411,0,0,24,0,128,32,1,1,65760,1,1
"KERNEL_DISPATCH","Agent 1",2,3,89862,530,4,"q8_0_quantize_f32",530,3472184516211,3472184519571,0,0,24,0,128,32,1,1,65760,1,1
"KERNEL_DISPATCH","Agent 1",2,3,89862,531,4,"q8_0_quantize_f32",531,3472184523371,3472184526731,0,0,24,0,128,32,1,1,65760,1,1
"KERNEL_DISPATCH","Agent 1",2,3,89862,532,4,"q8_0_quantize_f32",532,3472184530651,3472184534011,0,0,24,0,128,32,1,1,65760,1,1
"KERNEL_DISPATCH","Agent 1",2,3,89862,533,4,"q8_0_quantize_f32",533,3472184537931,3472184541292,0,0,24,0,128,32,1,1,65760,1,1
"KERNEL_DISPATCH","Agent 1",2,3,89862,534,4,"q8_0_quantize_f32",534,3472184545052,3472184548372,0,0,24,0,128,32,1,1,65760,1,1
"KERNEL_DISPATCH","Agent 1",2,3,89862,535,4,"q8_0_quantize_f32",535,3472184587462,3472184590902,0,0,24,0,128,32,1,1,67584,1,1
"KERNEL_DISPATCH","Agent 1",2,3,89862,536,4,"q8_0_quantize_f32",536,3472184594662,3472184598022,0,0,24,0,128,32,1,1,67584,1,1
"KERNEL_DISPATCH","Agent 1",2,3,89862,537,4,"q8_0_quantize_f32",537,3472184601742,3472184605142,0,0,24,0,128,32,1,1,67584,1,1
"KERNEL_DISPATCH","Agent 1",2,3,89862,538,4,"q8_0_quantize_f32",538,3472184609022,3472184612382,0,0,24,0,128,32,1,1,67584,1,1
"KERNEL_DISPATCH","Agent 1",2,3,89862,539,4,"q8_0_quantize_f32",539,3472184616222,3472184619582,0,0,24,0,128,32,1,1,67584,1,1
"KERNEL_DISPATCH","Agent 1",2,3,89862,540,4,"q8_0_quantize_f32",540,3472184623342,3472184626663,0,0,24,0,128,32,1,1,67584,1,1
"KERNEL_DISPATCH","Agent 1",2,3,89862,541,4,"q8_0_quantize_f32",541,3472184630503,3472184633863,0,0,24,0,128,32,1,1,67584,1,1
"KERNEL_DISPATCH","Agent 1",2,3,89862,542,4,"q8_0_quantize_f32",542,3472184637703,3472184641063,0,0,24,0,128,32,1,1,67584,1,1
"KERNEL_DISPATCH","Agent 1",2,3,89862,543,4,"q8_0_quantize_f32",543,3472184644943,3472184648303,0,0,24,0,128,32,1,1,67584,1,1
"KERNEL_DISPATCH","Agent 1",2,3,89862,544,4,"q8_0_quantize_f32",544,3472184652183,3472184655503,0,0,24,0,128,32,1,1,67584,1,1
"KERNEL_DISPATCH","Agent 1",2,3,89862,545,4,"q8_0_quantize_f32",545,3472184694533,3472184709413,0,0,24,0,128,32,1,1,65536,1,1
"KERNEL_DISPATCH","Agent 1",2,3,89862,546,4,"q8_0_quantize_f32",546,3472184713334,3472184727614,0,0,24,0,128,32,1,1,65536,1,1
"KERNEL_DISPATCH","Agent 1",2,3,89862,547,4,"q8_0_quantize_f32",547,3472184731414,3472184745574,0,0,24,0,128,32,1,1,65536,1,1
"KERNEL_DISPATCH","Agent 1",2,3,89862,548,4,"q8_0_quantize_f32",548,3472184749454,3472184763614,0,0,24,0,128,32,1,1,65536,1,1
"KERNEL_DISPATCH","Agent 1",2,3,89862,549,4,"q8_0_quantize_f32",549,3472184767694,3472184781894,0,0,24,0,128,32,1,1,65536,1,1
"KERNEL_DISPATCH","Agent 1",2,3,89862,550,4,"q8_0_quantize_f32",550,3472184785854,3472184800015,0,0,24,0,128,32,1,1,65536,1,1
"KERNEL_DISPATCH","Agent 1",2,3,89862,551,4,"q8_0_quantize_f32",551,3472184804095,3472184818335,0,0,24,0,128,32,1,1,65536,1,1
"KERNEL_DISPATCH","Agent 1",2,3,89862,552,4,"q8_0_quantize_f32",552,3472184822255,3472184836455,0,0,24,0,128,32,1,1,65536,1,1
"KERNEL_DISPATCH","Agent 1",2,3,89862,553,4,"q8_0_quantize_f32",553,3472184840335,3472184854495,0,0,24,0,128,32,1,1,65536,1,1
"KERNEL_DISPATCH","Agent 1",2,3,89862,554,4,"q8_0_quantize_f32",554,3472184858295,3472184872455,0,0,24,0,128,32,1,1,65536,1,1
"KERNEL_DISPATCH","Agent 1",2,3,89862,555,4,"q8_0_quantize_f32",555,3472184911826,3472184915266,0,0,24,0,128,32,1,1,65760,1,1
"KERNEL_DISPATCH","Agent 1",2,3,89862,556,4,"q8_0_quantize_f32",556,3472184919106,3472184922466,0,0,24,0,128,32,1,1,65760,1,1
"KERNEL_DISPATCH","Agent 1",2,3,89862,557,4,"q8_0_quantize_f32",557,3472184926466,3472184929826,0,0,24,0,128,32,1,1,65760,1,1
"KERNEL_DISPATCH","Agent 1",2,3,89862,558,4,"q8_0_quantize_f32",558,3472184933706,3472184937066,0,0,24,0,128,32,1,1,65760,1,1
"KERNEL_DISPATCH","Agent 1",2,3,89862,559,4,"q8_0_quantize_f32",559,3472184940906,3472184944266,0,0,24,0,128,32,1,1,65760,1,1
"KERNEL_DISPATCH","Agent 1",2,3,89862,560,4,"q8_0_quantize_f32",560,3472184948106,3472184951466,0,0,24,0,128,32,1,1,65760,1,1
"KERNEL_DISPATCH","Agent 1",2,3,89862,561,4,"q8_0_quantize_f32",561,3472184955266,3472184958626,0,0,24,0,128,32,1,1,65760,1,1
"KERNEL_DISPATCH","Agent 1",2,3,89862,562,4,"q8_0_quantize_f32",562,3472184962506,3472184965866,0,0,24,0,128,32,1,1,65760,1,1
"KERNEL_DISPATCH","Agent 1",2,3,89862,563,4,"q8_0_quantize_f32",563,3472184969787,3472184973147,0,0,24,0,128,32,1,1,65760,1,1
"KERNEL_DISPATCH","Agent 1",2,3,89862,564,4,"q8_0_quantize_f32",564,3472184976907,3472184980267,0,0,24,0,128,32,1,1,65760,1,1
"KERNEL_DISPATCH","Agent 1",2,3,89862,565,4,"q8_0_quantize_f32",565,3472185018457,3472185021897,0,0,24,0,128,32,1,1,67584,1,1
"KERNEL_DISPATCH","Agent 1",2,3,89862,566,4,"q8_0_quantize_f32",566,3472185025777,3472185029137,0,0,24,0,128,32,1,1,67584,1,1
"KERNEL_DISPATCH","Agent 1",2,3,89862,567,4,"q8_0_quantize_f32",567,3472185032857,3472185036217,0,0,24,0,128,32,1,1,67584,1,1
"KERNEL_DISPATCH","Agent 1",2,3,89862,568,4,"q8_0_quantize_f32",568,3472185040097,3472185043457,0,0,24,0,128,32,1,1,67584,1,1
"KERNEL_DISPATCH","Agent 1",2,3,89862,569,4,"q8_0_quantize_f32",569,3472185047337,3472185050657,0,0,24,0,128,32,1,1,67584,1,1
"KERNEL_DISPATCH","Agent 1",2,3,89862,570,4,"q8_0_quantize_f32",570,3472185054497,3472185057858,0,0,24,0,128,32,1,1,67584,1,1
"KERNEL_DISPATCH","Agent 1",2,3,89862,571,4,"q8_0_quantize_f32",571,3472185061738,3472185065098,0,0,24,0,128,32,1,1,67584,1,1
"KERNEL_DISPATCH","Agent 1",2,3,89862,572,4,"q8_0_quantize_f32",572,3472185068938,3472185072298,0,0,24,0,128,32,1,1,67584,1,1
"KERNEL_DISPATCH","Agent 1",2,3,89862,573,4,"q8_0_quantize_f32",573,3472185076178,3472185079578,0,0,24,0,128,32,1,1,67584,1,1
"KERNEL_DISPATCH","Agent 1",2,3,89862,574,4,"q8_0_quantize_f32",574,3472185083338,3472185086698,0,0,24,0,128,32,1,1,67584,1,1
"KERNEL_DISPATCH","Agent 1",2,3,89862,575,4,"q8_0_quantize_f32",575,3472185121818,3472185136578,0,0,24,0,128,32,1,1,65536,1,1
"KERNEL_DISPATCH","Agent 1",2,3,89862,576,4,"q8_0_quantize_f32",576,3472185140538,3472185154739,0,0,24,0,128,32,1,1,65536,1,1
"KERNEL_DISPATCH","Agent 1",2,3,89862,577,4,"q8_0_quantize_f32",577,3472185158619,3472185172779,0,0,24,0,128,32,1,1,65536,1,1
"KERNEL_DISPATCH","Agent 1",2,3,89862,578,4,"q8_0_quantize_f32",578,3472185176699,3472185190859,0,0,24,0,128,32,1,1,65536,1,1
"KERNEL_DISPATCH","Agent 1",2,3,89862,579,4,"q8_0_quantize_f32",579,3472185194939,3472185209139,0,0,24,0,128,32,1,1,65536,1,1
"KERNEL_DISPATCH","Agent 1",2,3,89862,580,4,"q8_0_quantize_f32",580,3472185213219,3472185227380,0,0,24,0,128,32,1,1,65536,1,1
"KERNEL_DISPATCH","Agent 1",2,3,89862,581,4,"q8_0_quantize_f32",581,3472185231220,3472185245420,0,0,24,0,128,32,1,1,65536,1,1
"KERNEL_DISPATCH","Agent 1",2,3,89862,582,4,"q8_0_quantize_f32",582,3472185249260,3472185263420,0,0,24,0,128,32,1,1,65536,1,1
"KERNEL_DISPATCH","Agent 1",2,3,89862,583,4,"q8_0_quantize_f32",583,3472185267340,3472185281540,0,0,24,0,128,32,1,1,65536,1,1
"KERNEL_DISPATCH","Agent 1",2,3,89862,584,4,"q8_0_quantize_f32",584,3472185285380,3472185299540,0,0,24,0,128,32,1,1,65536,1,1
"KERNEL_DISPATCH","Agent 1",2,3,89862,585,4,"q8_0_quantize_f32",585,3472185338241,3472185341681,0,0,24,0,128,32,1,1,65568,1,1
"KERNEL_DISPATCH","Agent 1",2,3,89862,586,4,"q8_0_quantize_f32",586,3472185345641,3472185349321,0,0,24,0,128,32,1,1,65568,1,1
"KERNEL_DISPATCH","Agent 1",2,3,89862,587,4,"q8_0_quantize_f32",587,3472185353001,3472185356361,0,0,24,0,128,32,1,1,65568,1,1
"KERNEL_DISPATCH","Agent 1",2,3,89862,588,4,"q8_0_quantize_f32",588,3472185360321,3472185363721,0,0,24,0,128,32,1,1,65568,1,1
"KERNEL_DISPATCH","Agent 1",2,3,89862,589,4,"q8_0_quantize_f32",589,3472185367601,3472185370961,0,0,24,0,128,32,1,1,65568,1,1
"KERNEL_DISPATCH","Agent 1",2,3,89862,590,4,"q8_0_quantize_f32",590,3472185374761,3472185378161,0,0,24,0,128,32,1,1,65568,1,1
"KERNEL_DISPATCH","Agent 1",2,3,89862,591,4,"q8_0_quantize_f32",591,3472185381961,3472185385321,0,0,24,0,128,32,1,1,65568,1,1
"KERNEL_DISPATCH","Agent 1",2,3,89862,592,4,"q8_0_quantize_f32",592,3472185389161,3472185392521,0,0,24,0,128,32,1,1,65568,1,1
"KERNEL_DISPATCH","Agent 1",2,3,89862,593,4,"q8_0_quantize_f32",593,3472185396401,3472185399762,0,0,24,0,128,32,1,1,65568,1,1
"KERNEL_DISPATCH","Agent 1",2,3,89862,594,4,"q8_0_quantize_f32",594,3472185403522,3472185406882,0,0,24,0,128,32,1,1,65568,1,1
"KERNEL_DISPATCH","Agent 1",2,3,89862,595,4,"q8_0_quantize_f32",595,3472185444782,3472185448222,0,0,24,0,128,32,1,1,67584,1,1
"KERNEL_DISPATCH","Agent 1",2,3,89862,596,4,"q8_0_quantize_f32",596,3472185452022,3472185455422,0,0,24,0,128,32,1,1,67584,1,1
"KERNEL_DISPATCH","Agent 1",2,3,89862,597,4,"q8_0_quantize_f32",597,3472185459142,3472185462502,0,0,24,0,128,32,1,1,67584,1,1
"KERNEL_DISPATCH","Agent 1",2,3,89862,598,4,"q8_0_quantize_f32",598,3472185466382,3472185469782,0,0,24,0,128,32,1,1,67584,1,1
"KERNEL_DISPATCH","Agent 1",2,3,89862,599,4,"q8_0_quantize_f32",599,3472185473622,3472185476982,0,0,24,0,128,32,1,1,67584,1,1
"KERNEL_DISPATCH","Agent 1",2,3,89862,600,4,"q8_0_quantize_f32",600,3472185480782,3472185484142,0,0,24,0,128,32,1,1,67584,1,1
"KERNEL_DISPATCH","Agent 1",2,3,89862,601,4,"q8_0_quantize_f32",601,3472185487943,3472185491263,0,0,24,0,128,32,1,1,67584,1,1
"KERNEL_DISPATCH","Agent 1",2,3,89862,602,4,"q8_0_quantize_f32",602,3472185495103,3472185498463,0,0,24,0,128,32,1,1,67584,1,1
"KERNEL_DISPATCH","Agent 1",2,3,89862,603,4,"q8_0_quantize_f32",603,3472185502343,3472185505743,0,0,24,0,128,32,1,1,67584,1,1
"KERNEL_DISPATCH","Agent 1",2,3,89862,604,4,"q8_0_quantize_f32",604,3472185509543,3472185512943,0,0,24,0,128,32,1,1,67584,1,1
"KERNEL_DISPATCH","Agent 1",2,3,89862,605,4,"q8_0_quantize_f32",605,3472185551673,3472185566433,0,0,24,0,128,32,1,1,65536,1,1
"KERNEL_DISPATCH","Agent 1",2,3,89862,606,4,"q8_0_quantize_f32",606,3472185570313,3472185584514,0,0,24,0,128,32,1,1,65536,1,1
"KERNEL_DISPATCH","Agent 1",2,3,89862,607,4,"q8_0_quantize_f32",607,3472185588314,3472185602474,0,0,24,0,128,32,1,1,65536,1,1
"KERNEL_DISPATCH","Agent 1",2,3,89862,608,4,"q8_0_quantize_f32",608,3472185606354,3472185620554,0,0,24,0,128,32,1,1,65536,1,1
"KERNEL_DISPATCH","Agent 1",2,3,89862,609,4,"q8_0_quantize_f32",609,3472185624634,3472185638834,0,0,24,0,128,32,1,1,65536,1,1
"KERNEL_DISPATCH","Agent 1",2,3,89862,610,4,"q8_0_quantize_f32",610,3472185642674,3472185656795,0,0,24,0,128,32,1,1,65536,1,1
"KERNEL_DISPATCH","Agent 1",2,3,89862,611,4,"q8_0_quantize_f32",611,3472185660675,3472185674835,0,0,24,0,128,32,1,1,65536,1,1
"KERNEL_DISPATCH","Agent 1",2,3,89862,612,4,"q8_0_quantize_f32",612,3472185678755,3472185692915,0,0,24,0,128,32,1,1,65536,1,1
"KERNEL_DISPATCH","Agent 1",2,3,89862,613,4,"q8_0_quantize_f32",613,3472185696795,3472185710955,0,0,24,0,128,32,1,1,65536,1,1
"KERNEL_DISPATCH","Agent 1",2,3,89862,614,4,"q8_0_quantize_f32",614,3472185714795,3472185728915,0,0,24,0,128,32,1,1,65536,1,1
"KERNEL_DISPATCH","Agent 1",2,3,89862,615,4,"q8_0_quantize_f32",615,3472185768626,3472185772066,0,0,24,0,128,32,1,1,65568,1,1
"KERNEL_DISPATCH","Agent 1",2,3,89862,616,4,"q8_0_quantize_f32",616,3472185775786,3472185779146,0,0,24,0,128,32,1,1,65568,1,1
"KERNEL_DISPATCH","Agent 1",2,3,89862,617,4,"q8_0_quantize_f32",617,3472185782906,3472185786266,0,0,24,0,128,32,1,1,65568,1,1
"KERNEL_DISPATCH","Agent 1",2,3,89862,618,4,"q8_0_quantize_f32",618,3472185790146,3472185793506,0,0,24,0,128,32,1,1,65568,1,1
"KERNEL_DISPATCH","Agent 1",2,3,89862,619,4,"q8_0_quantize_f32",619,3472185797346,3472185800706,0,0,24,0,128,32,1,1,65568,1,1
"KERNEL_DISPATCH","Agent 1",2,3,89862,620,4,"q8_0_quantize_f32",620,3472185804506,3472185807906,0,0,24,0,128,32,1,1,65568,1,1
"KERNEL_DISPATCH","Agent 1",2,3,89862,621,4,"q8_0_quantize_f32",621,3472185811706,3472185815066,0,0,24,0,128,32,1,1,65568,1,1
"KERNEL_DISPATCH","Agent 1",2,3,89862,622,4,"q8_0_quantize_f32",622,3472185818906,3472185822266,0,0,24,0,128,32,1,1,65568,1,1
"KERNEL_DISPATCH","Agent 1",2,3,89862,623,4,"q8_0_quantize_f32",623,3472185826146,3472185829507,0,0,24,0,128,32,1,1,65568,1,1
"KERNEL_DISPATCH","Agent 1",2,3,89862,624,4,"q8_0_quantize_f32",624,3472185833267,3472185836627,0,0,24,0,128,32,1,1,65568,1,1
"KERNEL_DISPATCH","Agent 1",2,3,89862,625,4,"q8_0_quantize_f32",625,3472185874657,3472185878097,0,0,24,0,128,32,1,1,65760,1,1
"KERNEL_DISPATCH","Agent 1",2,3,89862,626,4,"q8_0_quantize_f32",626,3472185881937,3472185885377,0,0,24,0,128,32,1,1,65760,1,1
"KERNEL_DISPATCH","Agent 1",2,3,89862,627,4,"q8_0_quantize_f32",627,3472185889177,3472185892537,0,0,24,0,128,32,1,1,65760,1,1
"KERNEL_DISPATCH","Agent 1",2,3,89862,628,4,"q8_0_quantize_f32",628,3472185896457,3472185899817,0,0,24,0,128,32,1,1,65760,1,1
"KERNEL_DISPATCH","Agent 1",2,3,89862,629,4,"q8_0_quantize_f32",629,3472185903657,3472185907017,0,0,24,0,128,32,1,1,65760,1,1
"KERNEL_DISPATCH","Agent 1",2,3,89862,630,4,"q8_0_quantize_f32",630,3472185910857,3472185914218,0,0,24,0,128,32,1,1,65760,1,1
"KERNEL_DISPATCH","Agent 1",2,3,89862,631,4,"q8_0_quantize_f32",631,3472185918098,3472185921458,0,0,24,0,128,32,1,1,65760,1,1
"KERNEL_DISPATCH","Agent 1",2,3,89862,632,4,"q8_0_quantize_f32",632,3472185925298,3472185928658,0,0,24,0,128,32,1,1,65760,1,1
"KERNEL_DISPATCH","Agent 1",2,3,89862,633,4,"q8_0_quantize_f32",633,3472185932538,3472185935858,0,0,24,0,128,32,1,1,65760,1,1
"KERNEL_DISPATCH","Agent 1",2,3,89862,634,4,"q8_0_quantize_f32",634,3472185939658,3472185943018,0,0,24,0,128,32,1,1,65760,1,1
"KERNEL_DISPATCH","Agent 1",2,3,89862,635,4,"q8_0_quantize_f32",635,3472185982368,3472185997248,0,0,24,0,128,32,1,1,65536,1,1
"KERNEL_DISPATCH","Agent 1",2,3,89862,636,4,"q8_0_quantize_f32",636,3472186001089,3472186015369,0,0,24,0,128,32,1,1,65536,1,1
"KERNEL_DISPATCH","Agent 1",2,3,89862,637,4,"q8_0_quantize_f32",637,3472186019249,3472186033489,0,0,24,0,128,32,1,1,65536,1,1
"KERNEL_DISPATCH","Agent 1",2,3,89862,638,4,"q8_0_quantize_f32",638,3472186037409,3472186051609,0,0,24,0,128,32,1,1,65536,1,1
"KERNEL_DISPATCH","Agent 1",2,3,89862,639,4,"q8_0_quantize_f32",639,3472186055489,3472186069649,0,0,24,0,128,32,1,1,65536,1,1
"KERNEL_DISPATCH","Agent 1",2,3,89862,640,4,"q8_0_quantize_f32",640,3472186073569,3472186087730,0,0,24,0,128,32,1,1,65536,1,1
"KERNEL_DISPATCH","Agent 1",2,3,89862,641,4,"q8_0_quantize_f32",641,3472186091570,3472186105730,0,0,24,0,128,32,1,1,65536,1,1
"KERNEL_DISPATCH","Agent 1",2,3,89862,642,4,"q8_0_quantize_f32",642,3472186109570,3472186123770,0,0,24,0,128,32,1,1,65536,1,1
"KERNEL_DISPATCH","Agent 1",2,3,89862,643,4,"q8_0_quantize_f32",643,3472186127730,3472186141890,0,0,24,0,128,32,1,1,65536,1,1
"KERNEL_DISPATCH","Agent 1",2,3,89862,644,4,"q8_0_quantize_f32",644,3472186145690,3472186159890,0,0,24,0,128,32,1,1,65536,1,1
"KERNEL_DISPATCH","Agent 1",2,3,89862,645,4,"q8_0_quantize_f32",645,3472186200241,3472186203721,0,0,24,0,128,32,1,1,65568,1,1
"KERNEL_DISPATCH","Agent 1",2,3,89862,646,4,"q8_0_quantize_f32",646,3472186207721,3472186211161,0,0,24,0,128,32,1,1,65568,1,1
"KERNEL_DISPATCH","Agent 1",2,3,89862,647,4,"q8_0_quantize_f32",647,3472186214881,3472186218241,0,0,24,0,128,32,1,1,65568,1,1
"KERNEL_DISPATCH","Agent 1",2,3,89862,648,4,"q8_0_quantize_f32",648,3472186222161,3472186225521,0,0,24,0,128,32,1,1,65568,1,1
"KERNEL_DISPATCH","Agent 1",2,3,89862,649,4,"q8_0_quantize_f32",649,3472186229361,3472186232681,0,0,24,0,128,32,1,1,65568,1,1
"KERNEL_DISPATCH","Agent 1",2,3,89862,650,4,"q8_0_quantize_f32",650,3472186236521,3472186239881,0,0,24,0,128,32,1,1,65568,1,1
"KERNEL_DISPATCH","Agent 1",2,3,89862,651,4,"q8_0_quantize_f32",651,3472186243721,3472186247081,0,0,24,0,128,32,1,1,65568,1,1
"KERNEL_DISPATCH","Agent 1",2,3,89862,652,4,"q8_0_quantize_f32",652,3472186250921,3472186254321,0,0,24,0,128,32,1,1,65568,1,1
"KERNEL_DISPATCH","Agent 1",2,3,89862,653,4,"q8_0_quantize_f32",653,3472186258202,3472186261522,0,0,24,0,128,32,1,1,65568,1,1
"KERNEL_DISPATCH","Agent 1",2,3,89862,654,4,"q8_0_quantize_f32",654,3472186265282,3472186268642,0,0,24,0,128,32,1,1,65568,1,1
"KERNEL_DISPATCH","Agent 1",2,3,89862,655,4,"q8_0_quantize_f32",655,3472186305882,3472186309362,0,0,24,0,128,32,1,1,65760,1,1
"KERNEL_DISPATCH","Agent 1",2,3,89862,656,4,"q8_0_quantize_f32",656,3472186313122,3472186316642,0,0,24,0,128,32,1,1,65760,1,1
"KERNEL_DISPATCH","Agent 1",2,3,89862,657,4,"q8_0_quantize_f32",657,3472186320442,3472186323842,0,0,24,0,128,32,1,1,65760,1,1
"KERNEL_DISPATCH","Agent 1",2,3,89862,658,4,"q8_0_quantize_f32",658,3472186327762,3472186331162,0,0,24,0,128,32,1,1,65760,1,1
"KERNEL_DISPATCH","Agent 1",2,3,89862,659,4,"q8_0_quantize_f32",659,3472186335002,3472186338402,0,0,24,0,128,32,1,1,65760,1,1
"KERNEL_DISPATCH","Agent 1",2,3,89862,660,4,"q8_0_quantize_f32",660,3472186342242,3472186345603,0,0,24,0,128,32,1,1,65760,1,1
"KERNEL_DISPATCH","Agent 1",2,3,89862,661,4,"q8_0_quantize_f32",661,3472186349443,3472186352843,0,0,24,0,128,32,1,1,65760,1,1
"KERNEL_DISPATCH","Agent 1",2,3,89862,662,4,"q8_0_quantize_f32",662,3472186356763,3472186360123,0,0,24,0,128,32,1,1,65760,1,1
"KERNEL_DISPATCH","Agent 1",2,3,89862,663,4,"q8_0_quantize_f32",663,3472186364003,3472186367403,0,0,24,0,128,32,1,1,65760,1,1
"KERNEL_DISPATCH","Agent 1",2,3,89862,664,4,"q8_0_quantize_f32",664,3472186371203,3472186374603,0,0,24,0,128,32,1,1,65760,1,1
"KERNEL_DISPATCH","Agent 1",2,3,89862,665,4,"q8_0_quantize_f32",665,3472186413853,3472186417453,0,0,24,0,128,32,1,1,67584,1,1
"KERNEL_DISPATCH","Agent 1",2,3,89862,666,4,"q8_0_quantize_f32",666,3472186421213,3472186424733,0,0,24,0,128,32,1,1,67584,1,1
"KERNEL_DISPATCH","Agent 1",2,3,89862,667,4,"q8_0_quantize_f32",667,3472186428533,3472186431894,0,0,24,0,128,32,1,1,67584,1,1
"KERNEL_DISPATCH","Agent 1",2,3,89862,668,4,"q8_0_quantize_f32",668,3472186435774,3472186439174,0,0,24,0,128,32,1,1,67584,1,1
"KERNEL_DISPATCH","Agent 1",2,3,89862,669,4,"q8_0_quantize_f32",669,3472186443054,3472186446414,0,0,24,0,128,32,1,1,67584,1,1
"KERNEL_DISPATCH","Agent 1",2,3,89862,672,4,"q8_0_quantize_f32",672,3472186464654,3472186468014,0,0,24,0,128,32,1,1,67584,1,1
"KERNEL_DISPATCH","Agent 1",2,3,89862,671,4,"q8_0_quantize_f32",671,3472186457534,3472186460934,0,0,24,0,128,32,1,1,67584,1,1
"KERNEL_DISPATCH","Agent 1",2,3,89862,670,4,"q8_0_quantize_f32",670,3472186450494,3472186453894,0,0,24,0,128,32,1,1,67584,1,1
"KERNEL_DISPATCH","Agent 1",2,3,89862,673,4,"q8_0_quantize_f32",673,3472186471774,3472186475174,0,0,24,0,128,32,1,1,67584,1,1
"KERNEL_DISPATCH","Agent 1",2,3,89862,674,4,"q8_0_quantize_f32",674,3472186478854,3472186482254,0,0,24,0,128,32,1,1,67584,1,1
"KERNEL_DISPATCH","Agent 1",1,0,89862,675,20,"__amd_rocclr_fillBufferAligned",675,3472187326184,3472187329264,0,0,16,0,128,256,1,1,6144,1,1
"KERNEL_DISPATCH","Agent 1",1,0,89862,676,20,"__amd_rocclr_fillBufferAligned",676,3472187333704,3472187335904,0,0,16,0,128,256,1,1,768,1,1
"KERNEL_DISPATCH","Agent 1",1,0,89862,677,20,"__amd_rocclr_fillBufferAligned",677,3472187339704,3472187341904,0,0,16,0,128,256,1,1,6144,1,1
"KERNEL_DISPATCH","Agent 1",1,0,89862,678,20,"__amd_rocclr_fillBufferAligned",678,3472187345704,3472187347904,0,0,16,0,128,256,1,1,768,1,1
"KERNEL_DISPATCH","Agent 1",1,0,89862,679,20,"__amd_rocclr_fillBufferAligned",679,3472187351744,3472187353944,0,0,16,0,128,256,1,1,6144,1,1
"KERNEL_DISPATCH","Agent 1",1,0,89862,680,20,"__amd_rocclr_fillBufferAligned",680,3472187357744,3472187359944,0,0,16,0,128,256,1,1,768,1,1
"KERNEL_DISPATCH","Agent 1",1,0,89862,681,20,"__amd_rocclr_fillBufferAligned",681,3472187363784,3472187365984,0,0,16,0,128,256,1,1,6144,1,1
"KERNEL_DISPATCH","Agent 1",1,0,89862,682,20,"__amd_rocclr_fillBufferAligned",682,3472187369704,3472187371904,0,0,16,0,128,256,1,1,768,1,1
"KERNEL_DISPATCH","Agent 1",1,0,89862,683,4,"q8_0_quantize_f32",683,3472187375945,3472187381705,0,0,24,0,128,32,1,1,98304,1,1
"KERNEL_DISPATCH","Agent 1",1,0,89862,684,4,"q8_0_quantize_f32",684,3472187385545,3472187390905,0,0,24,0,128,32,1,1,98336,1,1
"KERNEL_DISPATCH","Agent 1",1,0,89862,685,4,"q8_0_quantize_f32",685,3472187394785,3472187400145,0,0,24,0,128,32,1,1,98528,1,1
"KERNEL_DISPATCH","Agent 1",1,0,89862,686,4,"q8_0_quantize_f32",686,3472187404025,3472187409585,0,0,24,0,128,32,1,1,100352,1,1
"KERNEL_DISPATCH","Agent 1",1,0,89862,687,11,"__amd_rocclr_copyBuffer",687,3472187481816,3472187484856,0,0,16,0,128,512,1,1,1024,1,1
"KERNEL_DISPATCH","Agent 1",1,0,89862,688,11,"__amd_rocclr_copyBuffer",688,3472187868200,3472187871280,0,0,16,0,128,512,1,1,1024,1,1
"KERNEL_DISPATCH","Agent 1",1,0,89862,689,11,"__amd_rocclr_copyBuffer",689,3472187975251,3472187978372,0,0,16,0,128,512,1,1,1024,1,1
"KERNEL_DISPATCH","Agent 1",1,0,89862,690,11,"__amd_rocclr_copyBuffer",690,3472188084213,3472188087293,0,0,16,0,128,512,1,1,1024,1,1
"KERNEL_DISPATCH","Agent 1",2,4,89862,691,23,"kb::kb_spin(unsigned long)",691,3472188727334,3472488732140,0,8,8,0,128,64,1,1,8192,1,1
"KERNEL_DISPATCH","Agent 1",2,4,89862,692,4,"q8_0_quantize_f32",692,3472488907881,3472488913041,0,0,24,0,128,32,1,1,98304,1,1
"KERNEL_DISPATCH","Agent 1",2,4,89862,693,4,"q8_0_quantize_f32",693,3472488916921,3472488933361,0,0,24,0,128,32,1,1,98304,1,1
"KERNEL_DISPATCH","Agent 1",2,4,89862,694,4,"q8_0_quantize_f32",694,3472488937281,3472488953921,0,0,24,0,128,32,1,1,98304,1,1
"KERNEL_DISPATCH","Agent 1",2,4,89862,695,4,"q8_0_quantize_f32",695,3472488957641,3472488974122,0,0,24,0,128,32,1,1,98304,1,1
"KERNEL_DISPATCH","Agent 1",2,4,89862,696,4,"q8_0_quantize_f32",696,3472488977962,3472488994402,0,0,24,0,128,32,1,1,98304,1,1
"KERNEL_DISPATCH","Agent 1",2,4,89862,697,4,"q8_0_quantize_f32",697,3472488998242,3472489002922,0,0,24,0,128,32,1,1,98304,1,1
"KERNEL_DISPATCH","Agent 1",2,4,89862,698,4,"q8_0_quantize_f32",698,3472489006642,3472489011282,0,0,24,0,128,32,1,1,98304,1,1
"KERNEL_DISPATCH","Agent 1",2,4,89862,699,4,"q8_0_quantize_f32",699,3472489015242,3472489031642,0,0,24,0,128,32,1,1,98304,1,1
"KERNEL_DISPATCH","Agent 1",2,4,89862,700,4,"q8_0_quantize_f32",700,3472489035482,3472489040162,0,0,24,0,128,32,1,1,98304,1,1
"KERNEL_DISPATCH","Agent 1",2,4,89862,701,4,"q8_0_quantize_f32",701,3472489043962,3472489060243,0,0,24,0,128,32,1,1,98304,1,1
"KERNEL_DISPATCH","Agent 1",2,4,89862,702,4,"q8_0_quantize_f32",702,3472489070883,3472489075843,0,0,24,0,128,32,1,1,98336,1,1
"KERNEL_DISPATCH","Agent 1",2,4,89862,703,4,"q8_0_quantize_f32",703,3472489079643,3472489084323,0,0,24,0,128,32,1,1,98336,1,1
"KERNEL_DISPATCH","Agent 1",2,4,89862,704,4,"q8_0_quantize_f32",704,3472489088163,3472489092883,0,0,24,0,128,32,1,1,98336,1,1
"KERNEL_DISPATCH","Agent 1",2,4,89862,705,4,"q8_0_quantize_f32",705,3472489096723,3472489101323,0,0,24,0,128,32,1,1,98336,1,1
"KERNEL_DISPATCH","Agent 1",2,4,89862,706,4,"q8_0_quantize_f32",706,3472489105163,3472489109803,0,0,24,0,128,32,1,1,98336,1,1
"KERNEL_DISPATCH","Agent 1",2,4,89862,707,4,"q8_0_quantize_f32",707,3472489113683,3472489118323,0,0,24,0,128,32,1,1,98336,1,1
"KERNEL_DISPATCH","Agent 1",2,4,89862,708,4,"q8_0_quantize_f32",708,3472489122163,3472489126803,0,0,24,0,128,32,1,1,98336,1,1
"KERNEL_DISPATCH","Agent 1",2,4,89862,709,4,"q8_0_quantize_f32",709,3472489130603,3472489135204,0,0,24,0,128,32,1,1,98336,1,1
"KERNEL_DISPATCH","Agent 1",2,4,89862,710,4,"q8_0_quantize_f32",710,3472489139004,3472489143644,0,0,24,0,128,32,1,1,98336,1,1
"KERNEL_DISPATCH","Agent 1",2,4,89862,711,4,"q8_0_quantize_f32",711,3472489147444,3472489152564,0,0,24,0,128,32,1,1,98336,1,1
"KERNEL_DISPATCH","Agent 1",2,4,89862,712,4,"q8_0_quantize_f32",712,3472489163164,3472489168164,0,0,24,0,128,32,1,1,98528,1,1
"KERNEL_DISPATCH","Agent 1",2,4,89862,713,4,"q8_0_quantize_f32",713,3472489171964,3472489176644,0,0,24,0,128,32,1,1,98528,1,1
"KERNEL_DISPATCH","Agent 1",2,4,89862,714,4,"q8_0_quantize_f32",714,3472489180524,3472489185204,0,0,24,0,128,32,1,1,98528,1,1
"KERNEL_DISPATCH","Agent 1",2,4,89862,715,4,"q8_0_quantize_f32",715,3472489189004,3472489193644,0,0,24,0,128,32,1,1,98528,1,1
"KERNEL_DISPATCH","Agent 1",2,4,89862,716,4,"q8_0_quantize_f32",716,3472489197884,3472489202524,0,0,24,0,128,32,1,1,98528,1,1
"KERNEL_DISPATCH","Agent 1",2,4,89862,717,4,"q8_0_quantize_f32",717,3472489206324,3472489210964,0,0,24,0,128,32,1,1,98528,1,1
"KERNEL_DISPATCH","Agent 1",2,4,89862,718,4,"q8_0_quantize_f32",718,3472489214764,3472489219404,0,0,24,0,128,32,1,1,98528,1,1
"KERNEL_DISPATCH","Agent 1",2,4,89862,719,4,"q8_0_quantize_f32",719,3472489223325,3472489227965,0,0,24,0,128,32,1,1,98528,1,1
"KERNEL_DISPATCH","Agent 1",2,4,89862,720,4,"q8_0_quantize_f32",720,3472489231805,3472489236405,0,0,24,0,128,32,1,1,98528,1,1
"KERNEL_DISPATCH","Agent 1",2,4,89862,721,4,"q8_0_quantize_f32",721,3472489240245,3472489244885,0,0,24,0,128,32,1,1,98528,1,1
"KERNEL_DISPATCH","Agent 1",2,4,89862,722,4,"q8_0_quantize_f32",722,3472489255565,3472489260565,0,0,24,0,128,32,1,1,100352,1,1
"KERNEL_DISPATCH","Agent 1",2,4,89862,723,4,"q8_0_quantize_f32",723,3472489264405,3472489269005,0,0,24,0,128,32,1,1,100352,1,1
"KERNEL_DISPATCH","Agent 1",2,4,89862,724,4,"q8_0_quantize_f32",724,3472489272805,3472489277485,0,0,24,0,128,32,1,1,100352,1,1
"KERNEL_DISPATCH","Agent 1",2,4,89862,725,4,"q8_0_quantize_f32",725,3472489281325,3472489286005,0,0,24,0,128,32,1,1,100352,1,1
"KERNEL_DISPATCH","Agent 1",2,4,89862,726,4,"q8_0_quantize_f32",726,3472489289845,3472489294485,0,0,24,0,128,32,1,1,100352,1,1
"KERNEL_DISPATCH","Agent 1",2,4,89862,727,4,"q8_0_quantize_f32",727,3472489298285,3472489303005,0,0,24,0,128,32,1,1,100352,1,1
"KERNEL_DISPATCH","Agent 1",2,4,89862,728,4,"q8_0_quantize_f32",728,3472489306845,3472489311446,0,0,24,0,128,32,1,1,100352,1,1
"KERNEL_DISPATCH","Agent 1",2,4,89862,729,4,"q8_0_quantize_f32",729,3472489315286,3472489319926,0,0,24,0,128,32,1,1,100352,1,1
"KERNEL_DISPATCH","Agent 1",2,4,89862,730,4,"q8_0_quantize_f32",730,3472489323726,3472489328326,0,0,24,0,128,32,1,1,100352,1,1
"KERNEL_DISPATCH","Agent 1",2,4,89862,731,4,"q8_0_quantize_f32",731,3472489332366,3472489336966,0,0,24,0,128,32,1,1,100352,1,1
"KERNEL_DISPATCH","Agent 1",2,4,89862,732,4,"q8_0_quantize_f32",732,3472489347486,3472489363766,0,0,24,0,128,32,1,1,98304,1,1
"KERNEL_DISPATCH","Agent 1",2,4,89862,733,4,"q8_0_quantize_f32",733,3472489367606,3472489372246,0,0,24,0,128,32,1,1,98304,1,1
"KERNEL_DISPATCH","Agent 1",2,4,89862,734,4,"q8_0_quantize_f32",734,3472489376086,3472489380606,0,0,24,0,128,32,1,1,98304,1,1
"KERNEL_DISPATCH","Agent 1",2,4,89862,735,4,"q8_0_quantize_f32",735,3472489384486,3472489389086,0,0,24,0,128,32,1,1,98304,1,1
"KERNEL_DISPATCH","Agent 1",2,4,89862,736,4,"q8_0_quantize_f32",736,3472489392966,3472489409447,0,0,24,0,128,32,1,1,98304,1,1
"KERNEL_DISPATCH","Agent 1",2,4,89862,737,4,"q8_0_quantize_f32",737,3472489413287,3472489417887,0,0,24,0,128,32,1,1,98304,1,1
"KERNEL_DISPATCH","Agent 1",2,4,89862,738,4,"q8_0_quantize_f32",738,3472489421727,3472489437847,0,0,24,0,128,32,1,1,98304,1,1
"KERNEL_DISPATCH","Agent 1",2,4,89862,739,4,"q8_0_quantize_f32",739,3472489441647,3472489446327,0,0,24,0,128,32,1,1,98304,1,1
"KERNEL_DISPATCH","Agent 1",2,4,89862,740,4,"q8_0_quantize_f32",740,3472489450167,3472489466447,0,0,24,0,128,32,1,1,98304,1,1
"KERNEL_DISPATCH","Agent 1",2,4,89862,741,4,"q8_0_quantize_f32",741,3472489470247,3472489486568,0,0,24,0,128,32,1,1,98304,1,1
"KERNEL_DISPATCH","Agent 1",2,4,89862,742,4,"q8_0_quantize_f32",742,3472489497408,3472489502008,0,0,24,0,128,32,1,1,98336,1,1
"KERNEL_DISPATCH","Agent 1",2,4,89862,743,4,"q8_0_quantize_f32",743,3472489505808,3472489510368,0,0,24,0,128,32,1,1,98336,1,1
"KERNEL_DISPATCH","Agent 1",2,4,89862,744,4,"q8_0_quantize_f32",744,3472489514168,3472489518768,0,0,24,0,128,32,1,1,98336,1,1
"KERNEL_DISPATCH","Agent 1",2,4,89862,745,4,"q8_0_quantize_f32",745,3472489522568,3472489527128,0,0,24,0,128,32,1,1,98336,1,1
"KERNEL_DISPATCH","Agent 1",2,4,89862,746,4,"q8_0_quantize_f32",746,3472489530928,3472489535448,0,0,24,0,128,32,1,1,98336,1,1
"KERNEL_DISPATCH","Agent 1",2,4,89862,747,4,"q8_0_quantize_f32",747,3472489539288,3472489543808,0,0,24,0,128,32,1,1,98336,1,1
"KERNEL_DISPATCH","Agent 1",2,4,89862,748,4,"q8_0_quantize_f32",748,3472489547688,3472489552208,0,0,24,0,128,32,1,1,98336,1,1
"KERNEL_DISPATCH","Agent 1",2,4,89862,749,4,"q8_0_quantize_f32",749,3472489556048,3472489560608,0,0,24,0,128,32,1,1,98336,1,1
"KERNEL_DISPATCH","Agent 1",2,4,89862,750,4,"q8_0_quantize_f32",750,3472489564528,3472489569049,0,0,24,0,128,32,1,1,98336,1,1
"KERNEL_DISPATCH","Agent 1",2,4,89862,751,4,"q8_0_quantize_f32",751,3472489572929,3472489577489,0,0,24,0,128,32,1,1,98336,1,1
"KERNEL_DISPATCH","Agent 1",2,4,89862,752,4,"q8_0_quantize_f32",752,3472489588169,3472489592809,0,0,24,0,128,32,1,1,98528,1,1
"KERNEL_DISPATCH","Agent 1",2,4,89862,753,4,"q8_0_quantize_f32",753,3472489596609,3472489601209,0,0,24,0,128,32,1,1,98528,1,1
"KERNEL_DISPATCH","Agent 1",2,4,89862,754,4,"q8_0_quantize_f32",754,3472489605009,3472489609569,0,0,24,0,128,32,1,1,98528,1,1
"KERNEL_DISPATCH","Agent 1",2,4,89862,755,4,"q8_0_quantize_f32",755,3472489613369,3472489617969,0,0,24,0,128,32,1,1,98528,1,1
"KERNEL_DISPATCH","Agent 1",2,4,89862,756,4,"q8_0_quantize_f32",756,3472489621969,3472489626529,0,0,24,0,128,32,1,1,98528,1,1
"KERNEL_DISPATCH","Agent 1",2,4,89862,757,4,"q8_0_quantize_f32",757,3472489630329,3472489634889,0,0,24,0,128,32,1,1,98528,1,1
"KERNEL_DISPATCH","Agent 1",2,4,89862,758,4,"q8_0_quantize_f32",758,3472489638769,3472489643329,0,0,24,0,128,32,1,1,98528,1,1
"KERNEL_DISPATCH","Agent 1",2,4,89862,759,4,"q8_0_quantize_f32",759,3472489647209,3472489651769,0,0,24,0,128,32,1,1,98528,1,1
"KERNEL_DISPATCH","Agent 1",2,4,89862,760,4,"q8_0_quantize_f32",760,3472489655610,3472489660210,0,0,24,0,128,32,1,1,98528,1,1
"KERNEL_DISPATCH","Agent 1",2,4,89862,761,4,"q8_0_quantize_f32",761,3472489664050,3472489668570,0,0,24,0,128,32,1,1,98528,1,1
"KERNEL_DISPATCH","Agent 1",2,4,89862,762,4,"q8_0_quantize_f32",762,3472489678810,3472489684010,0,0,24,0,128,32,1,1,100352,1,1
"KERNEL_DISPATCH","Agent 1",2,4,89862,763,4,"q8_0_quantize_f32",763,3472489687810,3472489692330,0,0,24,0,128,32,1,1,100352,1,1
"KERNEL_DISPATCH","Agent 1",2,4,89862,764,4,"q8_0_quantize_f32",764,3472489696370,3472489701170,0,0,24,0,128,32,1,1,100352,1,1
"KERNEL_DISPATCH","Agent 1",2,4,89862,765,4,"q8_0_quantize_f32",765,3472489704970,3472489709530,0,0,24,0,128,32,1,1,100352,1,1
"KERNEL_DISPATCH","Agent 1",2,4,89862,766,4,"q8_0_quantize_f32",766,3472489713330,3472489717890,0,0,24,0,128,32,1,1,100352,1,1
"KERNEL_DISPATCH","Agent 1",2,4,89862,767,4,"q8_0_quantize_f32",767,3472489721730,3472489726290,0,0,24,0,128,32,1,1,100352,1,1
"KERNEL_DISPATCH","Agent 1",2,4,89862,768,4,"q8_0_quantize_f32",768,3472489730090,3472489734650,0,0,24,0,128,32,1,1,100352,1,1
"KERNEL_DISPATCH","Agent 1",2,4,89862,769,4,"q8_0_quantize_f32",769,3472489738450,3472489743011,0,0,24,0,128,32,1,1,100352,1,1
"KERNEL_DISPATCH","Agent 1",2,4,89862,770,4,"q8_0_quantize_f32",770,3472489746891,3472489751451,0,0,24,0,128,32,1,1,100352,1,1
"KERNEL_DISPATCH","Agent 1",2,4,89862,771,4,"q8_0_quantize_f32",771,3472489755331,3472489759891,0,0,24,0,128,32,1,1,100352,1,1
"KERNEL_DISPATCH","Agent 1",2,4,89862,772,4,"q8_0_quantize_f32",772,3472489770411,3472489786811,0,0,24,0,128,32,1,1,98304,1,1
"KERNEL_DISPATCH","Agent 1",2,4,89862,773,4,"q8_0_quantize_f32",773,3472489790651,3472489806811,0,0,24,0,128,32,1,1,98304,1,1
"KERNEL_DISPATCH","Agent 1",2,4,89862,774,4,"q8_0_quantize_f32",774,3472489810611,3472489815291,0,0,24,0,128,32,1,1,98304,1,1
"KERNEL_DISPATCH","Agent 1",2,4,89862,775,4,"q8_0_quantize_f32",775,3472489819131,3472489834812,0,0,24,0,128,32,1,1,98304,1,1
"KERNEL_DISPATCH","Agent 1",2,4,89862,776,4,"q8_0_quantize_f32",776,3472489838572,3472489855012,0,0,24,0,128,32,1,1,98304,1,1
"KERNEL_DISPATCH","Agent 1",2,4,89862,777,4,"q8_0_quantize_f32",777,3472489858812,3472489863452,0,0,24,0,128,32,1,1,98304,1,1
"KERNEL_DISPATCH","Agent 1",2,4,89862,778,4,"q8_0_quantize_f32",778,3472489867252,3472489883372,0,0,24,0,128,32,1,1,98304,1,1
"KERNEL_DISPATCH","Agent 1",2,4,89862,779,4,"q8_0_quantize_f32",779,3472489887252,3472489903652,0,0,24,0,128,32,1,1,98304,1,1
"KERNEL_DISPATCH","Agent 1",2,4,89862,780,4,"q8_0_quantize_f32",780,3472489907452,3472489923973,0,0,24,0,128,32,1,1,98304,1,1
"KERNEL_DISPATCH","Agent 1",2,4,89862,781,4,"q8_0_quantize_f32",781,3472489927813,3472489932413,0,0,24,0,128,32,1,1,98304,1,1
"KERNEL_DISPATCH","Agent 1",2,4,89862,782,4,"q8_0_quantize_f32",782,3472489943293,3472489947933,0,0,24,0,128,32,1,1,98336,1,1
"KERNEL_DISPATCH","Agent 1",2,4,89862,783,4,"q8_0_quantize_f32",783,3472489951733,3472489956333,0,0,24,0,128,32,1,1,98336,1,1
"KERNEL_DISPATCH","Agent 1",2,4,89862,784,4,"q8_0_quantize_f32",784,3472489960173,3472489964693,0,0,24,0,128,32,1,1,98336,1,1
"KERNEL_DISPATCH","Agent 1",2,4,89862,785,4,"q8_0_quantize_f32",785,3472489968533,3472489973053,0,0,24,0,128,32,1,1,98336,1,1
"KERNEL_DISPATCH","Agent 1",2,4,89862,786,4,"q8_0_quantize_f32",786,3472489976853,3472489981373,0,0,24,0,128,32,1,1,98336,1,1
"KERNEL_DISPATCH","Agent 1",2,4,89862,787,4,"q8_0_quantize_f32",787,3472489985093,3472489989653,0,0,24,0,128,32,1,1,98336,1,1
"KERNEL_DISPATCH","Agent 1",2,4,89862,788,4,"q8_0_quantize_f32",788,3472489993493,3472489998013,0,0,24,0,128,32,1,1,98336,1,1
"KERNEL_DISPATCH","Agent 1",2,4,89862,789,4,"q8_0_quantize_f32",789,3472490001853,3472490006374,0,0,24,0,128,32,1,1,98336,1,1
"KERNEL_DISPATCH","Agent 1",2,4,89862,790,4,"q8_0_quantize_f32",790,3472490010174,3472490014734,0,0,24,0,128,32,1,1,98336,1,1
"KERNEL_DISPATCH","Agent 1",2,4,89862,791,4,"q8_0_quantize_f32",791,3472490018534,3472490023094,0,0,24,0,128,32,1,1,98336,1,1
"KERNEL_DISPATCH","Agent 1",2,4,89862,792,4,"q8_0_quantize_f32",792,3472490033894,3472490038534,0,0,24,0,128,32,1,1,98528,1,1
"KERNEL_DISPATCH","Agent 1",2,4,89862,793,4,"q8_0_quantize_f32",793,3472490042374,3472490046934,0,0,24,0,128,32,1,1,98528,1,1
"KERNEL_DISPATCH","Agent 1",2,4,89862,794,4,"q8_0_quantize_f32",794,3472490050774,3472490055374,0,0,24,0,128,32,1,1,98528,1,1
"KERNEL_DISPATCH","Agent 1",2,4,89862,795,4,"q8_0_quantize_f32",795,3472490059174,3472490063734,0,0,24,0,128,32,1,1,98528,1,1
"KERNEL_DISPATCH","Agent 1",2,4,89862,796,4,"q8_0_quantize_f32",796,3472490067534,3472490072094,0,0,24,0,128,32,1,1,98528,1,1
"KERNEL_DISPATCH","Agent 1",2,4,89862,797,4,"q8_0_quantize_f32",797,3472490076054,3472490080614,0,0,24,0,128,32,1,1,98528,1,1
"KERNEL_DISPATCH","Agent 1",2,4,89862,798,4,"q8_0_quantize_f32",798,3472490084374,3472490088934,0,0,24,0,128,32,1,1,98528,1,1
"KERNEL_DISPATCH","Agent 1",2,4,89862,799,4,"q8_0_quantize_f32",799,3472490092655,3472490097215,0,0,24,0,128,32,1,1,98528,1,1
"KERNEL_DISPATCH","Agent 1",2,4,89862,800,4,"q8_0_quantize_f32",800,3472490101055,3472490105575,0,0,24,0,128,32,1,1,98528,1,1
"KERNEL_DISPATCH","Agent 1",2,4,89862,801,4,"q8_0_quantize_f32",801,3472490109375,3472490113935,0,0,24,0,128,32,1,1,98528,1,1
"KERNEL_DISPATCH","Agent 1",2,4,89862,802,4,"q8_0_quantize_f32",802,3472490124415,3472490129095,0,0,24,0,128,32,1,1,100352,1,1
"KERNEL_DISPATCH","Agent 1",2,4,89862,803,4,"q8_0_quantize_f32",803,3472490132815,3472490137375,0,0,24,0,128,32,1,1,100352,1,1
"KERNEL_DISPATCH","Agent 1",2,4,89862,804,4,"q8_0_quantize_f32",804,3472490141175,3472490145695,0,0,24,0,128,32,1,1,100352,1,1
"KERNEL_DISPATCH","Agent 1",2,4,89862,805,4,"q8_0_quantize_f32",805,3472490149535,3472490154095,0,0,24,0,128,32,1,1,100352,1,1
"KERNEL_DISPATCH","Agent 1",2,4,89862,806,4,"q8_0_quantize_f32",806,3472490157975,3472490162495,0,0,24,0,128,32,1,1,100352,1,1
"KERNEL_DISPATCH","Agent 1",2,4,89862,807,4,"q8_0_quantize_f32",807,3472490166295,3472490170855,0,0,24,0,128,32,1,1,100352,1,1
"KERNEL_DISPATCH","Agent 1",2,4,89862,808,4,"q8_0_quantize_f32",808,3472490174735,3472490179256,0,0,24,0,128,32,1,1,100352,1,1
"KERNEL_DISPATCH","Agent 1",2,4,89862,809,4,"q8_0_quantize_f32",809,3472490183056,3472490187616,0,0,24,0,128,32,1,1,100352,1,1
"KERNEL_DISPATCH","Agent 1",2,4,89862,810,4,"q8_0_quantize_f32",810,3472490191456,3472490196056,0,0,24,0,128,32,1,1,100352,1,1
"KERNEL_DISPATCH","Agent 1",2,4,89862,811,4,"q8_0_quantize_f32",811,3472490199856,3472490204416,0,0,24,0,128,32,1,1,100352,1,1
"KERNEL_DISPATCH","Agent 1",2,4,89862,812,4,"q8_0_quantize_f32",812,3472490246396,3472490251636,0,0,24,0,128,32,1,1,98304,1,1
"KERNEL_DISPATCH","Agent 1",2,4,89862,813,4,"q8_0_quantize_f32",813,3472490255356,3472490260476,0,0,24,0,128,32,1,1,98304,1,1
"KERNEL_DISPATCH","Agent 1",2,4,89862,814,4,"q8_0_quantize_f32",814,3472490264316,3472490280477,0,0,24,0,128,32,1,1,98304,1,1
"KERNEL_DISPATCH","Agent 1",2,4,89862,815,4,"q8_0_quantize_f32",815,3472490284437,3472490300437,0,0,24,0,128,32,1,1,98304,1,1
"KERNEL_DISPATCH","Agent 1",2,4,89862,816,4,"q8_0_quantize_f32",816,3472490304237,3472490308837,0,0,24,0,128,32,1,1,98304,1,1
"KERNEL_DISPATCH","Agent 1",2,4,89862,817,4,"q8_0_quantize_f32",817,3472490312677,3472490317237,0,0,24,0,128,32,1,1,98304,1,1
"KERNEL_DISPATCH","Agent 1",2,4,89862,818,4,"q8_0_quantize_f32",818,3472490321037,3472490336757,0,0,24,0,128,32,1,1,98304,1,1
"KERNEL_DISPATCH","Agent 1",2,4,89862,819,4,"q8_0_quantize_f32",819,3472490340597,3472490356518,0,0,24,0,128,32,1,1,98304,1,1
"KERNEL_DISPATCH","Agent 1",2,4,89862,820,4,"q8_0_quantize_f32",820,3472490360318,3472490364918,0,0,24,0,128,32,1,1,98304,1,1
"KERNEL_DISPATCH","Agent 1",2,4,89862,821,4,"q8_0_quantize_f32",821,3472490368758,3472490384438,0,0,24,0,128,32,1,1,98304,1,1
"KERNEL_DISPATCH","Agent 1",2,4,89862,822,4,"q8_0_quantize_f32",822,3472490426528,3472490431168,0,0,24,0,128,32,1,1,98336,1,1
"KERNEL_DISPATCH","Agent 1",2,4,89862,823,4,"q8_0_quantize_f32",823,3472490434888,3472490439409,0,0,24,0,128,32,1,1,98336,1,1
"KERNEL_DISPATCH","Agent 1",2,4,89862,824,4,"q8_0_quantize_f32",824,3472490443169,3472490447729,0,0,24,0,128,32,1,1,98336,1,1
"KERNEL_DISPATCH","Agent 1",2,4,89862,825,4,"q8_0_quantize_f32",825,3472490451529,3472490456089,0,0,24,0,128,32,1,1,98336,1,1
"KERNEL_DISPATCH","Agent 1",2,4,89862,826,4,"q8_0_quantize_f32",826,3472490459929,3472490464489,0,0,24,0,128,32,1,1,98336,1,1
"KERNEL_DISPATCH","Agent 1",2,4,89862,827,4,"q8_0_quantize_f32",827,3472490468329,3472490472849,0,0,24,0,128,32,1,1,98336,1,1
"KERNEL_DISPATCH","Agent 1",2,4,89862,828,4,"q8_0_quantize_f32",828,3472490476809,3472490481329,0,0,24,0,128,32,1,1,98336,1,1
"KERNEL_DISPATCH","Agent 1",2,4,89862,829,4,"q8_0_quantize_f32",829,3472490485249,3472490489809,0,0,24,0,128,32,1,1,98336,1,1
"KERNEL_DISPATCH","Agent 1",2,4,89862,830,4,"q8_0_quantize_f32",830,3472490493649,3472490498169,0,0,24,0,128,32,1,1,98336,1,1
"KERNEL_DISPATCH","Agent 1",2,4,89862,831,4,"q8_0_quantize_f32",831,3472490502009,3472490506529,0,0,24,0,128,32,1,1,98336,1,1
"KERNEL_DISPATCH","Agent 1",2,4,89862,832,4,"q8_0_quantize_f32",832,3472490545280,3472490549920,0,0,24,0,128,32,1,1,98528,1,1
"KERNEL_DISPATCH","Agent 1",2,4,89862,833,4,"q8_0_quantize_f32",833,3472490553640,3472490558200,0,0,24,0,128,32,1,1,98528,1,1
"KERNEL_DISPATCH","Agent 1",2,4,89862,834,4,"q8_0_quantize_f32",834,3472490562000,3472490566520,0,0,24,0,128,32,1,1,98528,1,1
"KERNEL_DISPATCH","Agent 1",2,4,89862,835,4,"q8_0_quantize_f32",835,3472490570360,3472490574920,0,0,24,0,128,32,1,1,98528,1,1
"KERNEL_DISPATCH","Agent 1",2,4,89862,836,4,"q8_0_quantize_f32",836,3472490578720,3472490583280,0,0,24,0,128,32,1,1,98528,1,1
"KERNEL_DISPATCH","Agent 1",2,4,89862,837,4,"q8_0_quantize_f32",837,3472490587200,3472490591760,0,0,24,0,128,32,1,1,98528,1,1
"KERNEL_DISPATCH","Agent 1",2,4,89862,838,4,"q8_0_quantize_f32",838,3472490595600,3472490600160,0,0,24,0,128,32,1,1,98528,1,1
"KERNEL_DISPATCH","Agent 1",2,4,89862,839,4,"q8_0_quantize_f32",839,3472490604000,3472490608520,0,0,24,0,128,32,1,1,98528,1,1
"KERNEL_DISPATCH","Agent 1",2,4,89862,840,4,"q8_0_quantize_f32",840,3472490612360,3472490616961,0,0,24,0,128,32,1,1,98528,1,1
"KERNEL_DISPATCH","Agent 1",2,4,89862,841,4,"q8_0_quantize_f32",841,3472490620761,3472490625321,0,0,24,0,128,32,1,1,98528,1,1
"KERNEL_DISPATCH","Agent 1",2,4,89862,842,4,"q8_0_quantize_f32",842,3472490664151,3472490668791,0,0,24,0,128,32,1,1,100352,1,1
"KERNEL_DISPATCH","Agent 1",2,4,89862,843,4,"q8_0_quantize_f32",843,3472490672471,3472490677031,0,0,24,0,128,32,1,1,100352,1,1
"KERNEL_DISPATCH","Agent 1",2,4,89862,844,4,"q8_0_quantize_f32",844,3472490680791,3472490685351,0,0,24,0,128,32,1,1,100352,1,1
"KERNEL_DISPATCH","Agent 1",2,4,89862,845,4,"q8_0_quantize_f32",845,3472490689191,3472490693751,0,0,24,0,128,32,1,1,100352,1,1
"KERNEL_DISPATCH","Agent 1",2,4,89862,846,4,"q8_0_quantize_f32",846,3472490697591,3472490702072,0,0,24,0,128,32,1,1,100352,1,1
"KERNEL_DISPATCH","Agent 1",2,4,89862,847,4,"q8_0_quantize_f32",847,3472490705912,3472490710472,0,0,24,0,128,32,1,1,100352,1,1
"KERNEL_DISPATCH","Agent 1",2,4,89862,848,4,"q8_0_quantize_f32",848,3472490714312,3472490718912,0,0,24,0,128,32,1,1,100352,1,1
"KERNEL_DISPATCH","Agent 1",2,4,89862,849,4,"q8_0_quantize_f32",849,3472490722752,3472490727272,0,0,24,0,128,32,1,1,100352,1,1
"KERNEL_DISPATCH","Agent 1",2,4,89862,850,4,"q8_0_quantize_f32",850,3472490731152,3472490735672,0,0,24,0,128,32,1,1,100352,1,1
"KERNEL_DISPATCH","Agent 1",2,4,89862,851,4,"q8_0_quantize_f32",851,3472490739552,3472490744112,0,0,24,0,128,32,1,1,100352,1,1
"KERNEL_DISPATCH","Agent 1",2,4,89862,852,4,"q8_0_quantize_f32",852,3472490782592,3472490787273,0,0,24,0,128,32,1,1,98336,1,1
"KERNEL_DISPATCH","Agent 1",2,4,89862,853,4,"q8_0_quantize_f32",853,3472490790953,3472490795473,0,0,24,0,128,32,1,1,98336,1,1
"KERNEL_DISPATCH","Agent 1",2,4,89862,854,4,"q8_0_quantize_f32",854,3472490799313,3472490803873,0,0,24,0,128,32,1,1,98336,1,1
"KERNEL_DISPATCH","Agent 1",2,4,89862,855,4,"q8_0_quantize_f32",855,3472490807673,3472490812273,0,0,24,0,128,32,1,1,98336,1,1
"KERNEL_DISPATCH","Agent 1",2,4,89862,856,4,"q8_0_quantize_f32",856,3472490816073,3472490820673,0,0,24,0,128,32,1,1,98336,1,1
"KERNEL_DISPATCH","Agent 1",2,4,89862,857,4,"q8_0_quantize_f32",857,3472490824713,3472490829273,0,0,24,0,128,32,1,1,98336,1,1
"KERNEL_DISPATCH","Agent 1",2,4,89862,858,4,"q8_0_quantize_f32",858,3472490833113,3472490837673,0,0,24,0,128,32,1,1,98336,1,1
"KERNEL_DISPATCH","Agent 1",2,4,89862,859,4,"q8_0_quantize_f32",859,3472490841513,3472490846073,0,0,24,0,128,32,1,1,98336,1,1
"KERNEL_DISPATCH","Agent 1",2,4,89862,860,4,"q8_0_quantize_f32",860,3472490849913,3472490854473,0,0,24,0,128,32,1,1,98336,1,1
"KERNEL_DISPATCH","Agent 1",2,4,89862,861,4,"q8_0_quantize_f32",861,3472490858273,3472490862833,0,0,24,0,128,32,1,1,98336,1,1
"KERNEL_DISPATCH","Agent 1",2,4,89862,862,4,"q8_0_quantize_f32",862,3472490901124,3472490905764,0,0,24,0,128,32,1,1,98528,1,1
"KERNEL_DISPATCH","Agent 1",2,4,89862,863,4,"q8_0_quantize_f32",863,3472490909644,3472490914244,0,0,24,0,128,32,1,1,98528,1,1
"KERNEL_DISPATCH","Agent 1",2,4,89862,864,4,"q8_0_quantize_f32",864,3472490918044,3472490922644,0,0,24,0,128,32,1,1,98528,1,1
"KERNEL_DISPATCH","Agent 1",2,4,89862,865,4,"q8_0_quantize_f32",865,3472490926444,3472490931004,0,0,24,0,128,32,1,1,98528,1,1
"KERNEL_DISPATCH","Agent 1",2,4,89862,866,4,"q8_0_quantize_f32",866,3472490934884,3472490939404,0,0,24,0,128,32,1,1,98528,1,1
"KERNEL_DISPATCH","Agent 1",2,4,89862,867,4,"q8_0_quantize_f32",867,3472490943284,3472490947804,0,0,24,0,128,32,1,1,98528,1,1
"KERNEL_DISPATCH","Agent 1",2,4,89862,868,4,"q8_0_quantize_f32",868,3472490951684,3472490956244,0,0,24,0,128,32,1,1,98528,1,1
"KERNEL_DISPATCH","Agent 1",2,4,89862,869,4,"q8_0_quantize_f32",869,3472490960084,3472490964645,0,0,24,0,128,32,1,1,98528,1,1
"KERNEL_DISPATCH","Agent 1",2,4,89862,870,4,"q8_0_quantize_f32",870,3472490968485,3472490973005,0,0,24,0,128,32,1,1,98528,1,1
"KERNEL_DISPATCH","Agent 1",2,4,89862,871,4,"q8_0_quantize_f32",871,3472490976845,3472490981405,0,0,24,0,128,32,1,1,98528,1,1
"KERNEL_DISPATCH","Agent 1",2,4,89862,872,4,"q8_0_quantize_f32",872,3472491020385,3472491025025,0,0,24,0,128,32,1,1,100352,1,1
"KERNEL_DISPATCH","Agent 1",2,4,89862,873,4,"q8_0_quantize_f32",873,3472491028745,3472491033305,0,0,24,0,128,32,1,1,100352,1,1
"KERNEL_DISPATCH","Agent 1",2,4,89862,874,4,"q8_0_quantize_f32",874,3472491037185,3472491041705,0,0,24,0,128,32,1,1,100352,1,1
"KERNEL_DISPATCH","Agent 1",2,4,89862,875,4,"q8_0_quantize_f32",875,3472491045545,3472491050106,0,0,24,0,128,32,1,1,100352,1,1
"KERNEL_DISPATCH","Agent 1",2,4,89862,876,4,"q8_0_quantize_f32",876,3472491053946,3472491058506,0,0,24,0,128,32,1,1,100352,1,1
"KERNEL_DISPATCH","Agent 1",2,4,89862,877,4,"q8_0_quantize_f32",877,3472491062386,3472491066906,0,0,24,0,128,32,1,1,100352,1,1
"KERNEL_DISPATCH","Agent 1",2,4,89862,878,4,"q8_0_quantize_f32",878,3472491070706,3472491075266,0,0,24,0,128,32,1,1,100352,1,1
"KERNEL_DISPATCH","Agent 1",2,4,89862,879,4,"q8_0_quantize_f32",879,3472491079066,3472491083626,0,0,24,0,128,32,1,1,100352,1,1
"KERNEL_DISPATCH","Agent 1",2,4,89862,880,4,"q8_0_quantize_f32",880,3472491087466,3472491091986,0,0,24,0,128,32,1,1,100352,1,1
"KERNEL_DISPATCH","Agent 1",2,4,89862,881,4,"q8_0_quantize_f32",881,3472491095826,3472491100346,0,0,24,0,128,32,1,1,100352,1,1
"KERNEL_DISPATCH","Agent 1",2,4,89862,882,4,"q8_0_quantize_f32",882,3472491138797,3472491143517,0,0,24,0,128,32,1,1,98304,1,1
"KERNEL_DISPATCH","Agent 1",2,4,89862,883,4,"q8_0_quantize_f32",883,3472491147157,3472491151717,0,0,24,0,128,32,1,1,98304,1,1
"KERNEL_DISPATCH","Agent 1",2,4,89862,884,4,"q8_0_quantize_f32",884,3472491155477,3472491160037,0,0,24,0,128,32,1,1,98304,1,1
"KERNEL_DISPATCH","Agent 1",2,4,89862,885,4,"q8_0_quantize_f32",885,3472491163877,3472491180117,0,0,24,0,128,32,1,1,98304,1,1
"KERNEL_DISPATCH","Agent 1",2,4,89862,886,4,"q8_0_quantize_f32",886,3472491183957,3472491199957,0,0,24,0,128,32,1,1,98304,1,1
"KERNEL_DISPATCH","Agent 1",2,4,89862,887,4,"q8_0_quantize_f32",887,3472491203837,3472491208477,0,0,24,0,128,32,1,1,98304,1,1
"KERNEL_DISPATCH","Agent 1",2,4,89862,888,4,"q8_0_quantize_f32",888,3472491212357,3472491228118,0,0,24,0,128,32,1,1,98304,1,1
"KERNEL_DISPATCH","Agent 1",2,4,89862,889,4,"q8_0_quantize_f32",889,3472491231958,3472491247878,0,0,24,0,128,32,1,1,98304,1,1
"KERNEL_DISPATCH","Agent 1",2,4,89862,890,4,"q8_0_quantize_f32",890,3472491251718,3472491256358,0,0,24,0,128,32,1,1,98304,1,1
"KERNEL_DISPATCH","Agent 1",2,4,89862,891,4,"q8_0_quantize_f32",891,3472491260198,3472491264758,0,0,24,0,128,32,1,1,98304,1,1
"KERNEL_DISPATCH","Agent 1",2,4,89862,892,4,"q8_0_quantize_f32",892,3472491303948,3472491308588,0,0,24,0,128,32,1,1,98528,1,1
"KERNEL_DISPATCH","Agent 1",2,4,89862,893,4,"q8_0_quantize_f32",893,3472491312309,3472491316909,0,0,24,0,128,32,1,1,98528,1,1
"KERNEL_DISPATCH","Agent 1",2,4,89862,894,4,"q8_0_quantize_f32",894,3472491320909,3472491325469,0,0,24,0,128,32,1,1,98528,1,1
"KERNEL_DISPATCH","Agent 1",2,4,89862,895,4,"q8_0_quantize_f32",895,3472491329309,3472491333869,0,0,24,0,128,32,1,1,98528,1,1
"KERNEL_DISPATCH","Agent 1",2,4,89862,896,4,"q8_0_quantize_f32",896,3472491337709,3472491342229,0,0,24,0,128,32,1,1,98528,1,1
"KERNEL_DISPATCH","Agent 1",2,4,89862,897,4,"q8_0_quantize_f32",897,3472491346109,3472491350669,0,0,24,0,128,32,1,1,98528,1,1
"KERNEL_DISPATCH","Agent 1",2,4,89862,898,4,"q8_0_quantize_f32",898,3472491354509,3472491359069,0,0,24,0,128,32,1,1,98528,1,1
"KERNEL_DISPATCH","Agent 1",2,4,89862,899,4,"q8_0_quantize_f32",899,3472491362909,3472491367429,0,0,24,0,128,32,1,1,98528,1,1
"KERNEL_DISPATCH","Agent 1",2,4,89862,900,4,"q8_0_quantize_f32",900,3472491371229,3472491375749,0,0,24,0,128,32,1,1,98528,1,1
"KERNEL_DISPATCH","Agent 1",2,4,89862,901,4,"q8_0_quantize_f32",901,3472491379589,3472491384149,0,0,24,0,128,32,1,1,98528,1,1
"KERNEL_DISPATCH","Agent 1",2,4,89862,902,4,"q8_0_quantize_f32",902,3472491423080,3472491427760,0,0,24,0,128,32,1,1,100352,1,1
"KERNEL_DISPATCH","Agent 1",2,4,89862,903,4,"q8_0_quantize_f32",903,3472491431520,3472491436040,0,0,24,0,128,32,1,1,100352,1,1
"KERNEL_DISPATCH","Agent 1",2,4,89862,904,4,"q8_0_quantize_f32",904,3472491439840,3472491444400,0,0,24,0,128,32,1,1,100352,1,1
"KERNEL_DISPATCH","Agent 1",2,4,89862,905,4,"q8_0_quantize_f32",905,3472491448200,3472491452760,0,0,24,0,128,32,1,1,100352,1,1
"KERNEL_DISPATCH","Agent 1",2,4,89862,906,4,"q8_0_quantize_f32",906,3472491456600,3472491461160,0,0,24,0,128,32,1,1,100352,1,1
"KERNEL_DISPATCH","Agent 1",2,4,89862,907,4,"q8_0_quantize_f32",907,3472491464960,3472491469480,0,0,24,0,128,32,1,1,100352,1,1
"KERNEL_DISPATCH","Agent 1",2,4,89862,908,4,"q8_0_quantize_f32",908,3472491473360,3472491477880,0,0,24,0,128,32,1,1,100352,1,1
"KERNEL_DISPATCH","Agent 1",2,4,89862,909,4,"q8_0_quantize_f32",909,3472491481680,3472491486241,0,0,24,0,128,32,1,1,100352,1,1
"KERNEL_DISPATCH","Agent 1",2,4,89862,910,4,"q8_0_quantize_f32",910,3472491490121,3472491494641,0,0,24,0,128,32,1,1,100352,1,1
"KERNEL_DISPATCH","Agent 1",2,4,89862,911,4,"q8_0_quantize_f32",911,3472491498481,3472491503001,0,0,24,0,128,32,1,1,100352,1,1
"KERNEL_DISPATCH","Agent 1",2,4,89862,912,4,"q8_0_quantize_f32",912,3472491541371,3472491545971,0,0,24,0,128,32,1,1,98304,1,1
"KERNEL_DISPATCH","Agent 1",2,4,89862,913,4,"q8_0_quantize_f32",913,3472491549771,3472491554331,0,0,24,0,128,32,1,1,98304,1,1
"KERNEL_DISPATCH","Agent 1",2,4,89862,914,4,"q8_0_quantize_f32",914,3472491558131,3472491562691,0,0,24,0,128,32,1,1,98304,1,1
"KERNEL_DISPATCH","Agent 1",2,4,89862,915,4,"q8_0_quantize_f32",915,3472491566531,3472491582772,0,0,24,0,128,32,1,1,98304,1,1
"KERNEL_DISPATCH","Agent 1",2,4,89862,916,4,"q8_0_quantize_f32",916,3472491586612,3472491591252,0,0,24,0,128,32,1,1,98304,1,1
"KERNEL_DISPATCH","Agent 1",2,4,89862,917,4,"q8_0_quantize_f32",917,3472491595092,3472491599652,0,0,24,0,128,32,1,1,98304,1,1
"KERNEL_DISPATCH","Agent 1",2,4,89862,918,4,"q8_0_quantize_f32",918,3472491603452,3472491619092,0,0,24,0,128,32,1,1,98304,1,1
"KERNEL_DISPATCH","Agent 1",2,4,89862,919,4,"q8_0_quantize_f32",919,3472491622892,3472491627572,0,0,24,0,128,32,1,1,98304,1,1
"KERNEL_DISPATCH","Agent 1",2,4,89862,920,4,"q8_0_quantize_f32",920,3472491631372,3472491647012,0,0,24,0,128,32,1,1,98304,1,1
"KERNEL_DISPATCH","Agent 1",2,4,89862,921,4,"q8_0_quantize_f32",921,3472491650852,3472491655532,0,0,24,0,128,32,1,1,98304,1,1
"KERNEL_DISPATCH","Agent 1",2,4,89862,922,4,"q8_0_quantize_f32",922,3472491693443,3472491698043,0,0,24,0,128,32,1,1,98336,1,1
"KERNEL_DISPATCH","Agent 1",2,4,89862,923,4,"q8_0_quantize_f32",923,3472491701723,3472491706283,0,0,24,0,128,32,1,1,98336,1,1
"KERNEL_DISPATCH","Agent 1",2,4,89862,924,4,"q8_0_quantize_f32",924,3472491710043,3472491714643,0,0,24,0,128,32,1,1,98336,1,1
"KERNEL_DISPATCH","Agent 1",2,4,89862,925,4,"q8_0_quantize_f32",925,3472491718483,3472491723083,0,0,24,0,128,32,1,1,98336,1,1
"KERNEL_DISPATCH","Agent 1",2,4,89862,926,4,"q8_0_quantize_f32",926,3472491726923,3472491731443,0,0,24,0,128,32,1,1,98336,1,1
"KERNEL_DISPATCH","Agent 1",2,4,89862,927,4,"q8_0_quantize_f32",927,3472491735283,3472491739803,0,0,24,0,128,32,1,1,98336,1,1
"KERNEL_DISPATCH","Agent 1",2,4,89862,928,4,"q8_0_quantize_f32",928,3472491743683,3472491748204,0,0,24,0,128,32,1,1,98336,1,1
"KERNEL_DISPATCH","Agent 1",2,4,89862,929,4,"q8_0_quantize_f32",929,3472491752044,3472491756644,0,0,24,0,128,32,1,1,98336,1,1
"KERNEL_DISPATCH","Agent 1",2,4,89862,930,4,"q8_0_quantize_f32",930,3472491760484,3472491765044,0,0,24,0,128,32,1,1,98336,1,1
"KERNEL_DISPATCH","Agent 1",2,4,89862,931,4,"q8_0_quantize_f32",931,3472491768884,3472491773404,0,0,24,0,128,32,1,1,98336,1,1
"KERNEL_DISPATCH","Agent 1",2,4,89862,932,4,"q8_0_quantize_f32",932,3472491811574,3472491816214,0,0,24,0,128,32,1,1,100352,1,1
"KERNEL_DISPATCH","Agent 1",2,4,89862,933,4,"q8_0_quantize_f32",933,3472491819974,3472491824534,0,0,24,0,128,32,1,1,100352,1,1
"KERNEL_DISPATCH","Agent 1",2,4,89862,934,4,"q8_0_quantize_f32",934,3472491828334,3472491832895,0,0,24,0,128,32,1,1,100352,1,1
"KERNEL_DISPATCH","Agent 1",2,4,89862,935,4,"q8_0_quantize_f32",935,3472491836695,3472491841255,0,0,24,0,128,32,1,1,100352,1,1
"KERNEL_DISPATCH","Agent 1",2,4,89862,936,4,"q8_0_quantize_f32",936,3472491845055,3472491849615,0,0,24,0,128,32,1,1,100352,1,1
"KERNEL_DISPATCH","Agent 1",2,4,89862,937,4,"q8_0_quantize_f32",937,3472491853455,3472491858015,0,0,24,0,128,32,1,1,100352,1,1
"KERNEL_DISPATCH","Agent 1",2,4,89862,938,4,"q8_0_quantize_f32",938,3472491861815,3472491866335,0,0,24,0,128,32,1,1,100352,1,1
"KERNEL_DISPATCH","Agent 1",2,4,89862,939,4,"q8_0_quantize_f32",939,3472491870175,3472491874695,0,0,24,0,128,32,1,1,100352,1,1
"KERNEL_DISPATCH","Agent 1",2,4,89862,940,4,"q8_0_quantize_f32",940,3472491878495,3472491883055,0,0,24,0,128,32,1,1,100352,1,1
"KERNEL_DISPATCH","Agent 1",2,4,89862,941,4,"q8_0_quantize_f32",941,3472491886895,3472491891455,0,0,24,0,128,32,1,1,100352,1,1
"KERNEL_DISPATCH","Agent 1",2,4,89862,942,4,"q8_0_quantize_f32",942,3472491929066,3472491933866,0,0,24,0,128,32,1,1,98304,1,1
"KERNEL_DISPATCH","Agent 1",2,4,89862,943,4,"q8_0_quantize_f32",943,3472491937546,3472491954026,0,0,24,0,128,32,1,1,98304,1,1
"KERNEL_DISPATCH","Agent 1",2,4,89862,944,4,"q8_0_quantize_f32",944,3472491957866,3472491962506,0,0,24,0,128,32,1,1,98304,1,1
"KERNEL_DISPATCH","Agent 1",2,4,89862,945,4,"q8_0_quantize_f32",945,3472491966346,3472491970906,0,0,24,0,128,32,1,1,98304,1,1
"KERNEL_DISPATCH","Agent 1",2,4,89862,946,4,"q8_0_quantize_f32",946,3472491974706,3472491979266,0,0,24,0,128,32,1,1,98304,1,1
"KERNEL_DISPATCH","Agent 1",2,4,89862,947,4,"q8_0_quantize_f32",947,3472491983106,3472491998826,0,0,24,0,128,32,1,1,98304,1,1
"KERNEL_DISPATCH","Agent 1",2,4,89862,948,4,"q8_0_quantize_f32",948,3472492002666,3472492018587,0,0,24,0,128,32,1,1,98304,1,1
"KERNEL_DISPATCH","Agent 1",2,4,89862,949,4,"q8_0_quantize_f32",949,3472492022467,3472492038427,0,0,24,0,128,32,1,1,98304,1,1
"KERNEL_DISPATCH","Agent 1",2,4,89862,950,4,"q8_0_quantize_f32",950,3472492042267,3472492058187,0,0,24,0,128,32,1,1,98304,1,1
"KERNEL_DISPATCH","Agent 1",2,4,89862,951,4,"q8_0_quantize_f32",951,3472492062027,3472492066707,0,0,24,0,128,32,1,1,98304,1,1
"KERNEL_DISPATCH","Agent 1",2,4,89862,952,4,"q8_0_quantize_f32",952,3472492104528,3472492109208,0,0,24,0,128,32,1,1,98336,1,1
"KERNEL_DISPATCH","Agent 1",2,4,89862,953,4,"q8_0_quantize_f32",953,3472492112968,3472492117528,0,0,24,0,128,32,1,1,98336,1,1
"KERNEL_DISPATCH","Agent 1",2,4,89862,954,4,"q8_0_quantize_f32",954,3472492121328,3472492125888,0,0,24,0,128,32,1,1,98336,1,1
"KERNEL_DISPATCH","Agent 1",2,4,89862,955,4,"q8_0_quantize_f32",955,3472492129728,3472492134288,0,0,24,0,128,32,1,1,98336,1,1
"KERNEL_DISPATCH","Agent 1",2,4,89862,956,4,"q8_0_quantize_f32",956,3472492138128,3472492142608,0,0,24,0,128,32,1,1,98336,1,1
"KERNEL_DISPATCH","Agent 1",2,4,89862,957,4,"q8_0_quantize_f32",957,3472492146488,3472492151008,0,0,24,0,128,32,1,1,98336,1,1
"KERNEL_DISPATCH","Agent 1",2,4,89862,958,4,"q8_0_quantize_f32",958,3472492154808,3472492159368,0,0,24,0,128,32,1,1,98336,1,1
"KERNEL_DISPATCH","Agent 1",2,4,89862,959,4,"q8_0_quantize_f32",959,3472492163208,3472492167768,0,0,24,0,128,32,1,1,98336,1,1
"KERNEL_DISPATCH","Agent 1",2,4,89862,960,4,"q8_0_quantize_f32",960,3472492171568,3472492176088,0,0,24,0,128,32,1,1,98336,1,1
"KERNEL_DISPATCH","Agent 1",2,4,89862,961,4,"q8_0_quantize_f32",961,3472492179888,3472492184449,0,0,24,0,128,32,1,1,98336,1,1
"KERNEL_DISPATCH","Agent 1",2,4,89862,962,4,"q8_0_quantize_f32",962,3472492223039,3472492227679,0,0,24,0,128,32,1,1,98528,1,1
"KERNEL_DISPATCH","Agent 1",2,4,89862,963,4,"q8_0_quantize_f32",963,3472492231359,3472492235919,0,0,24,0,128,32,1,1,98528,1,1
"KERNEL_DISPATCH","Agent 1",2,4,89862,964,4,"q8_0_quantize_f32",964,3472492239639,3472492244199,0,0,24,0,128,32,1,1,98528,1,1
"KERNEL_DISPATCH","Agent 1",2,4,89862,965,4,"q8_0_quantize_f32",965,3472492248039,3472492252639,0,0,24,0,128,32,1,1,98528,1,1
"KERNEL_DISPATCH","Agent 1",2,4,89862,966,4,"q8_0_quantize_f32",966,3472492256479,3472492261039,0,0,24,0,128,32,1,1,98528,1,1
"KERNEL_DISPATCH","Agent 1",2,4,89862,967,4,"q8_0_quantize_f32",967,3472492264879,3472492269400,0,0,24,0,128,32,1,1,98528,1,1
"KERNEL_DISPATCH","Agent 1",2,4,89862,968,4,"q8_0_quantize_f32",968,3472492273280,3472492277800,0,0,24,0,128,32,1,1,98528,1,1
"KERNEL_DISPATCH","Agent 1",2,4,89862,969,4,"q8_0_quantize_f32",969,3472492281600,3472492286160,0,0,24,0,128,32,1,1,98528,1,1
"KERNEL_DISPATCH","Agent 1",2,4,89862,970,4,"q8_0_quantize_f32",970,3472492290000,3472492294520,0,0,24,0,128,32,1,1,98528,1,1
"KERNEL_DISPATCH","Agent 1",2,4,89862,971,4,"q8_0_quantize_f32",971,3472492298400,3472492302920,0,0,24,0,128,32,1,1,98528,1,1
"KERNEL_DISPATCH","Agent 1",2,4,89862,972,4,"q8_0_quantize_f32",972,3472492341140,3472492357781,0,0,24,0,128,32,1,1,98304,1,1
"KERNEL_DISPATCH","Agent 1",2,4,89862,973,4,"q8_0_quantize_f32",973,3472492361581,3472492366221,0,0,24,0,128,32,1,1,98304,1,1
"KERNEL_DISPATCH","Agent 1",2,4,89862,974,4,"q8_0_quantize_f32",974,3472492370061,3472492374621,0,0,24,0,128,32,1,1,98304,1,1
"KERNEL_DISPATCH","Agent 1",2,4,89862,975,4,"q8_0_quantize_f32",975,3472492378581,3472492394301,0,0,24,0,128,32,1,1,98304,1,1
"KERNEL_DISPATCH","Agent 1",2,4,89862,976,4,"q8_0_quantize_f32",976,3472492398141,3472492402781,0,0,24,0,128,32,1,1,98304,1,1
"KERNEL_DISPATCH","Agent 1",2,4,89862,977,4,"q8_0_quantize_f32",977,3472492406621,3472492411181,0,0,24,0,128,32,1,1,98304,1,1
"KERNEL_DISPATCH","Agent 1",2,4,89862,978,4,"q8_0_quantize_f32",978,3472492414981,3472492419581,0,0,24,0,128,32,1,1,98304,1,1
"KERNEL_DISPATCH","Agent 1",2,4,89862,979,4,"q8_0_quantize_f32",979,3472492423421,3472492439141,0,0,24,0,128,32,1,1,98304,1,1
"KERNEL_DISPATCH","Agent 1",2,4,89862,980,4,"q8_0_quantize_f32",980,3472492442982,3472492458902,0,0,24,0,128,32,1,1,98304,1,1
"KERNEL_DISPATCH","Agent 1",2,4,89862,981,4,"q8_0_quantize_f32",981,3472492462702,3472492478582,0,0,24,0,128,32,1,1,98304,1,1
"KERNEL_DISPATCH","Agent 1",2,4,89862,982,4,"q8_0_quantize_f32",982,3472492518562,3472492523202,0,0,24,0,128,32,1,1,98336,1,1
"KERNEL_DISPATCH","Agent 1",2,4,89862,983,4,"q8_0_quantize_f32",983,3472492527042,3472492531603,0,0,24,0,128,32,1,1,98336,1,1
"KERNEL_DISPATCH","Agent 1",2,4,89862,984,4,"q8_0_quantize_f32",984,3472492535363,3472492539923,0,0,24,0,128,32,1,1,98336,1,1
"KERNEL_DISPATCH","Agent 1",2,4,89862,985,4,"q8_0_quantize_f32",985,3472492543763,3472492548323,0,0,24,0,128,32,1,1,98336,1,1
"KERNEL_DISPATCH","Agent 1",2,4,89862,986,4,"q8_0_quantize_f32",986,3472492552163,3472492556723,0,0,24,0,128,32,1,1,98336,1,1
"KERNEL_DISPATCH","Agent 1",2,4,89862,987,4,"q8_0_quantize_f32",987,3472492560563,3472492565083,0,0,24,0,128,32,1,1,98336,1,1
"KERNEL_DISPATCH","Agent 1",2,4,89862,988,4,"q8_0_quantize_f32",988,3472492568963,3472492573483,0,0,24,0,128,32,1,1,98336,1,1
"KERNEL_DISPATCH","Agent 1",2,4,89862,989,4,"q8_0_quantize_f32",989,3472492577403,3472492581963,0,0,24,0,128,32,1,1,98336,1,1
"KERNEL_DISPATCH","Agent 1",2,4,89862,990,4,"q8_0_quantize_f32",990,3472492585803,3472492590323,0,0,24,0,128,32,1,1,98336,1,1
"KERNEL_DISPATCH","Agent 1",2,4,89862,991,4,"q8_0_quantize_f32",991,3472492594203,3472492598763,0,0,24,0,128,32,1,1,98336,1,1
"KERNEL_DISPATCH","Agent 1",2,4,89862,992,4,"q8_0_quantize_f32",992,3472492638004,3472492642644,0,0,24,0,128,32,1,1,98528,1,1
"KERNEL_DISPATCH","Agent 1",2,4,89862,993,4,"q8_0_quantize_f32",993,3472492646444,3472492651004,0,0,24,0,128,32,1,1,98528,1,1
"KERNEL_DISPATCH","Agent 1",2,4,89862,994,4,"q8_0_quantize_f32",994,3472492654884,3472492659444,0,0,24,0,128,32,1,1,98528,1,1
"KERNEL_DISPATCH","Agent 1",2,4,89862,995,4,"q8_0_quantize_f32",995,3472492663404,3472492667964,0,0,24,0,128,32,1,1,98528,1,1
"KERNEL_DISPATCH","Agent 1",2,4,89862,996,4,"q8_0_quantize_f32",996,3472492671804,3472492676324,0,0,24,0,128,32,1,1,98528,1,1
"KERNEL_DISPATCH","Agent 1",2,4,89862,997,4,"q8_0_quantize_f32",997,3472492680164,3472492684724,0,0,24,0,128,32,1,1,98528,1,1
"KERNEL_DISPATCH","Agent 1",2,4,89862,998,4,"q8_0_quantize_f32",998,3472492688524,3472492693084,0,0,24,0,128,32,1,1,98528,1,1
"KERNEL_DISPATCH","Agent 1",2,4,89862,999,4,"q8_0_quantize_f32",999,3472492696924,3472492701484,0,0,24,0,128,32,1,1,98528,1,1
"KERNEL_DISPATCH","Agent 1",2,4,89862,1000,4,"q8_0_quantize_f32",1000,3472492705325,3472492709845,0,0,24,0,128,32,1,1,98528,1,1
"KERNEL_DISPATCH","Agent 1",2,4,89862,1001,4,"q8_0_quantize_f32",1001,3472492713645,3472492718205,0,0,24,0,128,32,1,1,98528,1,1
"KERNEL_DISPATCH","Agent 1",2,4,89862,1002,4,"q8_0_quantize_f32",1002,3472492757495,3472492762735,0,0,24,0,128,32,1,1,100352,1,1
"KERNEL_DISPATCH","Agent 1",2,4,89862,1003,4,"q8_0_quantize_f32",1003,3472492766415,3472492770975,0,0,24,0,128,32,1,1,100352,1,1
"KERNEL_DISPATCH","Agent 1",2,4,89862,1011,4,"q8_0_quantize_f32",1011,3472492832696,3472492837216,0,0,24,0,128,32,1,1,100352,1,1
"KERNEL_DISPATCH","Agent 1",2,4,89862,1010,4,"q8_0_quantize_f32",1010,3472492824416,3472492828976,0,0,24,0,128,32,1,1,100352,1,1
"KERNEL_DISPATCH","Agent 1",2,4,89862,1009,4,"q8_0_quantize_f32",1009,3472492816136,3472492820736,0,0,24,0,128,32,1,1,100352,1,1
"KERNEL_DISPATCH","Agent 1",2,4,89862,1008,4,"q8_0_quantize_f32",1008,3472492807896,3472492812416,0,0,24,0,128,32,1,1,100352,1,1
"KERNEL_DISPATCH","Agent 1",2,4,89862,1007,4,"q8_0_quantize_f32",1007,3472492799576,3472492804136,0,0,24,0,128,32,1,1,100352,1,1
"KERNEL_DISPATCH","Agent 1",2,4,89862,1006,4,"q8_0_quantize_f32",1006,3472492791296,3472492795856,0,0,24,0,128,32,1,1,100352,1,1
"KERNEL_DISPATCH","Agent 1",2,4,89862,1005,4,"q8_0_quantize_f32",1005,3472492783055,3472492787615,0,0,24,0,128,32,1,1,100352,1,1
"KERNEL_DISPATCH","Agent 1",2,4,89862,1004,4,"q8_0_quantize_f32",1004,3472492774735,3472492779295,0,0,24,0,128,32,1,1,100352,1,1
"KERNEL_DISPATCH","Agent 1",1,0,89862,1012,20,"__amd_rocclr_fillBufferAligned",1012,3472493878308,3472493881348,0,0,16,0,128,256,1,1,8192,1,1
"KERNEL_DISPATCH","Agent 1",1,0,89862,1013,20,"__amd_rocclr_fillBufferAligned",1013,3472493885628,3472493887748,0,0,16,0,128,256,1,1,1024,1,1
"KERNEL_DISPATCH","Agent 1",1,0,89862,1014,20,"__amd_rocclr_fillBufferAligned",1014,3472493891588,3472493893788,0,0,16,0,128,256,1,1,8192,1,1
"KERNEL_DISPATCH","Agent 1",1,0,89862,1015,20,"__amd_rocclr_fillBufferAligned",1015,3472493897628,3472493899828,0,0,16,0,128,256,1,1,1024,1,1
"KERNEL_DISPATCH","Agent 1",1,0,89862,1016,20,"__amd_rocclr_fillBufferAligned",1016,3472493903708,3472493905948,0,0,16,0,128,256,1,1,8192,1,1
"KERNEL_DISPATCH","Agent 1",1,0,89862,1017,20,"__amd_rocclr_fillBufferAligned",1017,3472493909708,3472493911948,0,0,16,0,128,256,1,1,1024,1,1
"KERNEL_DISPATCH","Agent 1",1,0,89862,1018,20,"__amd_rocclr_fillBufferAligned",1018,3472493915708,3472493918188,0,0,16,0,128,256,1,1,8192,1,1
"KERNEL_DISPATCH","Agent 1",1,0,89862,1019,20,"__amd_rocclr_fillBufferAligned",1019,3472493922029,3472493924269,0,0,16,0,128,256,1,1,1024,1,1
"KERNEL_DISPATCH","Agent 1",1,0,89862,1020,4,"q8_0_quantize_f32",1020,3472493928269,3472493947029,0,0,24,0,128,32,1,1,131072,1,1
"KERNEL_DISPATCH","Agent 1",1,0,89862,1021,4,"q8_0_quantize_f32",1021,3472493950989,3472493957829,0,0,24,0,128,32,1,1,131104,1,1
"KERNEL_DISPATCH","Agent 1",1,0,89862,1022,4,"q8_0_quantize_f32",1022,3472493961629,3472493968189,0,0,24,0,128,32,1,1,131296,1,1
"KERNEL_DISPATCH","Agent 1",1,0,89862,1023,4,"q8_0_quantize_f32",1023,3472493972069,3472493978549,0,0,24,0,128,32,1,1,133120,1,1
"KERNEL_DISPATCH","Agent 1",1,0,89862,1024,11,"__amd_rocclr_copyBuffer",1024,3472494066740,3472494070380,0,0,16,0,128,512,1,1,1024,1,1
"KERNEL_DISPATCH","Agent 1",1,0,89862,1025,11,"__amd_rocclr_copyBuffer",1025,3472494566296,3472494569936,0,0,16,0,128,512,1,1,1024,1,1
"KERNEL_DISPATCH","Agent 1",1,0,89862,1026,11,"__amd_rocclr_copyBuffer",1026,3472494689377,3472494692977,0,0,16,0,128,512,1,1,1024,1,1
"KERNEL_DISPATCH","Agent 1",1,0,89862,1027,11,"__amd_rocclr_copyBuffer",1027,3472494810969,3472494814609,0,0,16,0,128,512,1,1,1024,1,1
"KERNEL_DISPATCH","Agent 1",2,5,89862,1028,23,"kb::kb_spin(unsigned long)",1028,3472495480457,3472795485334,0,8,8,0,128,64,1,1,8192,1,1
"KERNEL_DISPATCH","Agent 1",2,5,89862,1029,4,"q8_0_quantize_f32",1029,3472795655015,3472795661295,0,0,24,0,128,32,1,1,131072,1,1
"KERNEL_DISPATCH","Agent 1",2,5,89862,1030,4,"q8_0_quantize_f32",1030,3472795665215,3472795682815,0,0,24,0,128,32,1,1,131072,1,1
"KERNEL_DISPATCH","Agent 1",2,5,89862,1031,4,"q8_0_quantize_f32",1031,3472795686655,3472795704175,0,0,24,0,128,32,1,1,131072,1,1
"KERNEL_DISPATCH","Agent 1",2,5,89862,1032,4,"q8_0_quantize_f32",1032,3472795707975,3472795725536,0,0,24,0,128,32,1,1,131072,1,1
"KERNEL_DISPATCH","Agent 1",2,5,89862,1033,4,"q8_0_quantize_f32",1033,3472795729336,3472795746816,0,0,24,0,128,32,1,1,131072,1,1
"KERNEL_DISPATCH","Agent 1",2,5,89862,1034,4,"q8_0_quantize_f32",1034,3472795750616,3472795768256,0,0,24,0,128,32,1,1,131072,1,1
"KERNEL_DISPATCH","Agent 1",2,5,89862,1035,4,"q8_0_quantize_f32",1035,3472795772176,3472795789696,0,0,24,0,128,32,1,1,131072,1,1
"KERNEL_DISPATCH","Agent 1",2,5,89862,1036,4,"q8_0_quantize_f32",1036,3472795793537,3472795811017,0,0,24,0,128,32,1,1,131072,1,1
"KERNEL_DISPATCH","Agent 1",2,5,89862,1037,4,"q8_0_quantize_f32",1037,3472795814817,3472795832537,0,0,24,0,128,32,1,1,131072,1,1
"KERNEL_DISPATCH","Agent 1",2,5,89862,1038,4,"q8_0_quantize_f32",1038,3472795836297,3472795853737,0,0,24,0,128,32,1,1,131072,1,1
"KERNEL_DISPATCH","Agent 1",2,5,89862,1039,4,"q8_0_quantize_f32",1039,3472795864537,3472795870617,0,0,24,0,128,32,1,1,131104,1,1
"KERNEL_DISPATCH","Agent 1",2,5,89862,1040,4,"q8_0_quantize_f32",1040,3472795874417,3472795880218,0,0,24,0,128,32,1,1,131104,1,1
"KERNEL_DISPATCH","Agent 1",2,5,89862,1041,4,"q8_0_quantize_f32",1041,3472795883978,3472795889778,0,0,24,0,128,32,1,1,131104,1,1
"KERNEL_DISPATCH","Agent 1",2,5,89862,1042,4,"q8_0_quantize_f32",1042,3472795893618,3472795899338,0,0,24,0,128,32,1,1,131104,1,1
"KERNEL_DISPATCH","Agent 1",2,5,89862,1043,4,"q8_0_quantize_f32",1043,3472795903258,3472795908978,0,0,24,0,128,32,1,1,131104,1,1
"KERNEL_DISPATCH","Agent 1",2,5,89862,1044,4,"q8_0_quantize_f32",1044,3472795912818,3472795918578,0,0,24,0,128,32,1,1,131104,1,1
"KERNEL_DISPATCH","Agent 1",2,5,89862,1045,4,"q8_0_quantize_f32",1045,3472795922418,3472795928138,0,0,24,0,128,32,1,1,131104,1,1
"KERNEL_DISPATCH","Agent 1",2,5,89862,1046,4,"q8_0_quantize_f32",1046,3472795931978,3472795937858,0,0,24,0,128,32,1,1,131104,1,1
"KERNEL_DISPATCH","Agent 1",2,5,89862,1047,4,"q8_0_quantize_f32",1047,3472795941578,3472795947458,0,0,24,0,128,32,1,1,131104,1,1
"KERNEL_DISPATCH","Agent 1",2,5,89862,1048,4,"q8_0_quantize_f32",1048,3472795951218,3472795956938,0,0,24,0,128,32,1,1,131104,1,1
"KERNEL_DISPATCH","Agent 1",2,5,89862,1049,4,"q8_0_quantize_f32",1049,3472795967619,3472795973779,0,0,24,0,128,32,1,1,131296,1,1
"KERNEL_DISPATCH","Agent 1",2,5,89862,1050,4,"q8_0_quantize_f32",1050,3472795977619,3472795983419,0,0,24,0,128,32,1,1,131296,1,1
"KERNEL_DISPATCH","Agent 1",2,5,89862,1051,4,"q8_0_quantize_f32",1051,3472795987259,3472795993059,0,0,24,0,128,32,1,1,131296,1,1
"KERNEL_DISPATCH","Agent 1",2,5,89862,1052,4,"q8_0_quantize_f32",1052,3472795996939,3472796002939,0,0,24,0,128,32,1,1,131296,1,1
"KERNEL_DISPATCH","Agent 1",2,5,89862,1053,4,"q8_0_quantize_f32",1053,3472796006699,3472796012459,0,0,24,0,128,32,1,1,131296,1,1
"KERNEL_DISPATCH","Agent 1",2,5,89862,1054,4,"q8_0_quantize_f32",1054,3472796016259,3472796022019,0,0,24,0,128,32,1,1,131296,1,1
"KERNEL_DISPATCH","Agent 1",2,5,89862,1055,4,"q8_0_quantize_f32",1055,3472796025899,3472796031659,0,0,24,0,128,32,1,1,131296,1,1
"KERNEL_DISPATCH","Agent 1",2,5,89862,1056,4,"q8_0_quantize_f32",1056,3472796035499,3472796041259,0,0,24,0,128,32,1,1,131296,1,1
"KERNEL_DISPATCH","Agent 1",2,5,89862,1057,4,"q8_0_quantize_f32",1057,3472796045099,3472796050900,0,0,24,0,128,32,1,1,131296,1,1
"KERNEL_DISPATCH","Agent 1",2,5,89862,1058,4,"q8_0_quantize_f32",1058,3472796054780,3472796060540,0,0,24,0,128,32,1,1,131296,1,1
"KERNEL_DISPATCH","Agent 1",2,5,89862,1059,4,"q8_0_quantize_f32",1059,3472796070900,3472796077060,0,0,24,0,128,32,1,1,133120,1,1
"KERNEL_DISPATCH","Agent 1",2,5,89862,1060,4,"q8_0_quantize_f32",1060,3472796080900,3472796086700,0,0,24,0,128,32,1,1,133120,1,1
"KERNEL_DISPATCH","Agent 1",2,5,89862,1061,4,"q8_0_quantize_f32",1061,3472796090580,3472796096500,0,0,24,0,128,32,1,1,133120,1,1
"KERNEL_DISPATCH","Agent 1",2,5,89862,1062,4,"q8_0_quantize_f32",1062,3472796100300,3472796106060,0,0,24,0,128,32,1,1,133120,1,1
"KERNEL_DISPATCH","Agent 1",2,5,89862,1063,4,"q8_0_quantize_f32",1063,3472796109900,3472796115660,0,0,24,0,128,32,1,1,133120,1,1
"KERNEL_DISPATCH","Agent 1",2,5,89862,1064,4,"q8_0_quantize_f32",1064,3472796119420,3472796125180,0,0,24,0,128,32,1,1,133120,1,1
"KERNEL_DISPATCH","Agent 1",2,5,89862,1065,4,"q8_0_quantize_f32",1065,3472796128940,3472796134701,0,0,24,0,128,32,1,1,133120,1,1
"KERNEL_DISPATCH","Agent 1",2,5,89862,1066,4,"q8_0_quantize_f32",1066,3472796138581,3472796144301,0,0,24,0,128,32,1,1,133120,1,1
"KERNEL_DISPATCH","Agent 1",2,5,89862,1067,4,"q8_0_quantize_f32",1067,3472796148181,3472796153981,0,0,24,0,128,32,1,1,133120,1,1
"KERNEL_DISPATCH","Agent 1",2,5,89862,1068,4,"q8_0_quantize_f32",1068,3472796157741,3472796163461,0,0,24,0,128,32,1,1,133120,1,1
"KERNEL_DISPATCH","Agent 1",2,5,89862,1069,4,"q8_0_quantize_f32",1069,3472796174541,3472796191901,0,0,24,0,128,32,1,1,131072,1,1
"KERNEL_DISPATCH","Agent 1",2,5,89862,1070,4,"q8_0_quantize_f32",1070,3472796195741,3472796212901,0,0,24,0,128,32,1,1,131072,1,1
"KERNEL_DISPATCH","Agent 1",2,5,89862,1071,4,"q8_0_quantize_f32",1071,3472796216902,3472796234502,0,0,24,0,128,32,1,1,131072,1,1
"KERNEL_DISPATCH","Agent 1",2,5,89862,1072,4,"q8_0_quantize_f32",1072,3472796238302,3472796255662,0,0,24,0,128,32,1,1,131072,1,1
"KERNEL_DISPATCH","Agent 1",2,5,89862,1073,4,"q8_0_quantize_f32",1073,3472796259582,3472796276942,0,0,24,0,128,32,1,1,131072,1,1
"KERNEL_DISPATCH","Agent 1",2,5,89862,1074,4,"q8_0_quantize_f32",1074,3472796280902,3472796298462,0,0,24,0,128,32,1,1,131072,1,1
"KERNEL_DISPATCH","Agent 1",2,5,89862,1075,4,"q8_0_quantize_f32",1075,3472796302303,3472796319703,0,0,24,0,128,32,1,1,131072,1,1
"KERNEL_DISPATCH","Agent 1",2,5,89862,1076,4,"q8_0_quantize_f32",1076,3472796323543,3472796340863,0,0,24,0,128,32,1,1,131072,1,1
"KERNEL_DISPATCH","Agent 1",2,5,89862,1077,4,"q8_0_quantize_f32",1077,3472796344743,3472796362343,0,0,24,0,128,32,1,1,131072,1,1
"KERNEL_DISPATCH","Agent 1",2,5,89862,1078,4,"q8_0_quantize_f32",1078,3472796366183,3472796371943,0,0,24,0,128,32,1,1,131072,1,1
"KERNEL_DISPATCH","Agent 1",2,5,89862,1079,4,"q8_0_quantize_f32",1079,3472796382663,3472796388464,0,0,24,0,128,32,1,1,131104,1,1
"KERNEL_DISPATCH","Agent 1",2,5,89862,1080,4,"q8_0_quantize_f32",1080,3472796392224,3472796397904,0,0,24,0,128,32,1,1,131104,1,1
"KERNEL_DISPATCH","Agent 1",2,5,89862,1081,4,"q8_0_quantize_f32",1081,3472796401664,3472796407344,0,0,24,0,128,32,1,1,131104,1,1
"KERNEL_DISPATCH","Agent 1",2,5,89862,1082,4,"q8_0_quantize_f32",1082,3472796411184,3472796416864,0,0,24,0,128,32,1,1,131104,1,1
"KERNEL_DISPATCH","Agent 1",2,5,89862,1083,4,"q8_0_quantize_f32",1083,3472796420704,3472796426384,0,0,24,0,128,32,1,1,131104,1,1
"KERNEL_DISPATCH","Agent 1",2,5,89862,1084,4,"q8_0_quantize_f32",1084,3472796430224,3472796435864,0,0,24,0,128,32,1,1,131104,1,1
"KERNEL_DISPATCH","Agent 1",2,5,89862,1085,4,"q8_0_quantize_f32",1085,3472796439704,3472796445384,0,0,24,0,128,32,1,1,131104,1,1
"KERNEL_DISPATCH","Agent 1",2,5,89862,1086,4,"q8_0_quantize_f32",1086,3472796449224,3472796454904,0,0,24,0,128,32,1,1,131104,1,1
"KERNEL_DISPATCH","Agent 1",2,5,89862,1087,4,"q8_0_quantize_f32",1087,3472796458624,3472796464264,0,0,24,0,128,32,1,1,131104,1,1
"KERNEL_DISPATCH","Agent 1",2,5,89862,1088,4,"q8_0_quantize_f32",1088,3472796468145,3472796473785,0,0,24,0,128,32,1,1,131104,1,1
"KERNEL_DISPATCH","Agent 1",2,5,89862,1089,4,"q8_0_quantize_f32",1089,3472796484305,3472796490065,0,0,24,0,128,32,1,1,131296,1,1
"KERNEL_DISPATCH","Agent 1",2,5,89862,1090,4,"q8_0_quantize_f32",1090,3472796493905,3472796499585,0,0,24,0,128,32,1,1,131296,1,1
"KERNEL_DISPATCH","Agent 1",2,5,89862,1091,4,"q8_0_quantize_f32",1091,3472796503385,3472796509105,0,0,24,0,128,32,1,1,131296,1,1
"KERNEL_DISPATCH","Agent 1",2,5,89862,1092,4,"q8_0_quantize_f32",1092,3472796513065,3472796518745,0,0,24,0,128,32,1,1,131296,1,1
"KERNEL_DISPATCH","Agent 1",2,5,89862,1093,4,"q8_0_quantize_f32",1093,3472796522585,3472796528225,0,0,24,0,128,32,1,1,131296,1,1
"KERNEL_DISPATCH","Agent 1",2,5,89862,1094,4,"q8_0_quantize_f32",1094,3472796532105,3472796537745,0,0,24,0,128,32,1,1,131296,1,1
"KERNEL_DISPATCH","Agent 1",2,5,89862,1095,4,"q8_0_quantize_f32",1095,3472796541705,3472796547425,0,0,24,0,128,32,1,1,131296,1,1
"KERNEL_DISPATCH","Agent 1",2,5,89862,1096,4,"q8_0_quantize_f32",1096,3472796551145,3472796556866,0,0,24,0,128,32,1,1,131296,1,1
"KERNEL_DISPATCH","Agent 1",2,5,89862,1097,4,"q8_0_quantize_f32",1097,3472796560666,3472796566346,0,0,24,0,128,32,1,1,131296,1,1
"KERNEL_DISPATCH","Agent 1",2,5,89862,1098,4,"q8_0_quantize_f32",1098,3472796570106,3472796575786,0,0,24,0,128,32,1,1,131296,1,1
"KERNEL_DISPATCH","Agent 1",2,5,89862,1099,4,"q8_0_quantize_f32",1099,3472796586386,3472796592226,0,0,24,0,128,32,1,1,133120,1,1
"KERNEL_DISPATCH","Agent 1",2,5,89862,1100,4,"q8_0_quantize_f32",1100,3472796596026,3472796601706,0,0,24,0,128,32,1,1,133120,1,1
"KERNEL_DISPATCH","Agent 1",2,5,89862,1101,4,"q8_0_quantize_f32",1101,3472796605586,3472796611266,0,0,24,0,128,32,1,1,133120,1,1
"KERNEL_DISPATCH","Agent 1",2,5,89862,1102,4,"q8_0_quantize_f32",1102,3472796615426,3472796621106,0,0,24,0,128,32,1,1,133120,1,1
"KERNEL_DISPATCH","Agent 1",2,5,89862,1103,4,"q8_0_quantize_f32",1103,3472796624946,3472796630626,0,0,24,0,128,32,1,1,133120,1,1
"KERNEL_DISPATCH","Agent 1",2,5,89862,1104,4,"q8_0_quantize_f32",1104,3472796634506,3472796640147,0,0,24,0,128,32,1,1,133120,1,1
"KERNEL_DISPATCH","Agent 1",2,5,89862,1105,4,"q8_0_quantize_f32",1105,3472796643907,3472796649587,0,0,24,0,128,32,1,1,133120,1,1
"KERNEL_DISPATCH","Agent 1",2,5,89862,1106,4,"q8_0_quantize_f32",1106,3472796653387,3472796659067,0,0,24,0,128,32,1,1,133120,1,1
"KERNEL_DISPATCH","Agent 1",2,5,89862,1107,4,"q8_0_quantize_f32",1107,3472796662947,3472796668587,0,0,24,0,128,32,1,1,133120,1,1
"KERNEL_DISPATCH","Agent 1",2,5,89862,1108,4,"q8_0_quantize_f32",1108,3472796672347,3472796677987,0,0,24,0,128,32,1,1,133120,1,1
"KERNEL_DISPATCH","Agent 1",2,5,89862,1109,4,"q8_0_quantize_f32",1109,3472796688747,3472796706107,0,0,24,0,128,32,1,1,131072,1,1
"KERNEL_DISPATCH","Agent 1",2,5,89862,1110,4,"q8_0_quantize_f32",1110,3472796709947,3472796727788,0,0,24,0,128,32,1,1,131072,1,1
"KERNEL_DISPATCH","Agent 1",2,5,89862,1111,4,"q8_0_quantize_f32",1111,3472796731588,3472796749028,0,0,24,0,128,32,1,1,131072,1,1
"KERNEL_DISPATCH","Agent 1",2,5,89862,1112,4,"q8_0_quantize_f32",1112,3472796752908,3472796770348,0,0,24,0,128,32,1,1,131072,1,1
"KERNEL_DISPATCH","Agent 1",2,5,89862,1113,4,"q8_0_quantize_f32",1113,3472796774188,3472796791788,0,0,24,0,128,32,1,1,131072,1,1
"KERNEL_DISPATCH","Agent 1",2,5,89862,1114,4,"q8_0_quantize_f32",1114,3472796795668,3472796813109,0,0,24,0,128,32,1,1,131072,1,1
"KERNEL_DISPATCH","Agent 1",2,5,89862,1115,4,"q8_0_quantize_f32",1115,3472796816989,3472796834469,0,0,24,0,128,32,1,1,131072,1,1
"KERNEL_DISPATCH","Agent 1",2,5,89862,1116,4,"q8_0_quantize_f32",1116,3472796838269,3472796855949,0,0,24,0,128,32,1,1,131072,1,1
"KERNEL_DISPATCH","Agent 1",2,5,89862,1117,4,"q8_0_quantize_f32",1117,3472796859789,3472796877229,0,0,24,0,128,32,1,1,131072,1,1
"KERNEL_DISPATCH","Agent 1",2,5,89862,1118,4,"q8_0_quantize_f32",1118,3472796881109,3472796898470,0,0,24,0,128,32,1,1,131072,1,1
"KERNEL_DISPATCH","Agent 1",2,5,89862,1119,4,"q8_0_quantize_f32",1119,3472796909070,3472796914830,0,0,24,0,128,32,1,1,131104,1,1
"KERNEL_DISPATCH","Agent 1",2,5,89862,1120,4,"q8_0_quantize_f32",1120,3472796918670,3472796924350,0,0,24,0,128,32,1,1,131104,1,1
"KERNEL_DISPATCH","Agent 1",2,5,89862,1121,4,"q8_0_quantize_f32",1121,3472796928150,3472796933830,0,0,24,0,128,32,1,1,131104,1,1
"KERNEL_DISPATCH","Agent 1",2,5,89862,1122,4,"q8_0_quantize_f32",1122,3472796937590,3472796943270,0,0,24,0,128,32,1,1,131104,1,1
"KERNEL_DISPATCH","Agent 1",2,5,89862,1123,4,"q8_0_quantize_f32",1123,3472796947150,3472796952830,0,0,24,0,128,32,1,1,131104,1,1
"KERNEL_DISPATCH","Agent 1",2,5,89862,1124,4,"q8_0_quantize_f32",1124,3472796956670,3472796962350,0,0,24,0,128,32,1,1,131104,1,1
"KERNEL_DISPATCH","Agent 1",2,5,89862,1125,4,"q8_0_quantize_f32",1125,3472796966190,3472796971870,0,0,24,0,128,32,1,1,131104,1,1
"KERNEL_DISPATCH","Agent 1",2,5,89862,1126,4,"q8_0_quantize_f32",1126,3472796975671,3472796981351,0,0,24,0,128,32,1,1,131104,1,1
"KERNEL_DISPATCH","Agent 1",2,5,89862,1127,4,"q8_0_quantize_f32",1127,3472796984991,3472796990631,0,0,24,0,128,32,1,1,131104,1,1
"KERNEL_DISPATCH","Agent 1",2,5,89862,1128,4,"q8_0_quantize_f32",1128,3472796994471,3472797000111,0,0,24,0,128,32,1,1,131104,1,1
"KERNEL_DISPATCH","Agent 1",2,5,89862,1129,4,"q8_0_quantize_f32",1129,3472797010871,3472797016591,0,0,24,0,128,32,1,1,131296,1,1
"KERNEL_DISPATCH","Agent 1",2,5,89862,1130,4,"q8_0_quantize_f32",1130,3472797020271,3472797025951,0,0,24,0,128,32,1,1,131296,1,1
"KERNEL_DISPATCH","Agent 1",2,5,89862,1131,4,"q8_0_quantize_f32",1131,3472797029751,3472797035391,0,0,24,0,128,32,1,1,131296,1,1
"KERNEL_DISPATCH","Agent 1",2,5,89862,1132,4,"q8_0_quantize_f32",1132,3472797039231,3472797044911,0,0,24,0,128,32,1,1,131296,1,1
"KERNEL_DISPATCH","Agent 1",2,5,89862,1133,4,"q8_0_quantize_f32",1133,3472797048791,3472797054471,0,0,24,0,128,32,1,1,131296,1,1
"KERNEL_DISPATCH","Agent 1",2,5,89862,1134,4,"q8_0_quantize_f32",1134,3472797058232,3472797063912,0,0,24,0,128,32,1,1,131296,1,1
"KERNEL_DISPATCH","Agent 1",2,5,89862,1135,4,"q8_0_quantize_f32",1135,3472797067712,3472797073392,0,0,24,0,128,32,1,1,131296,1,1
"KERNEL_DISPATCH","Agent 1",2,5,89862,1136,4,"q8_0_quantize_f32",1136,3472797077232,3472797082952,0,0,24,0,128,32,1,1,131296,1,1
"KERNEL_DISPATCH","Agent 1",2,5,89862,1137,4,"q8_0_quantize_f32",1137,3472797086712,3472797092392,0,0,24,0,128,32,1,1,131296,1,1
"KERNEL_DISPATCH","Agent 1",2,5,89862,1138,4,"q8_0_quantize_f32",1138,3472797096232,3472797101912,0,0,24,0,128,32,1,1,131296,1,1
"KERNEL_DISPATCH","Agent 1",2,5,89862,1139,4,"q8_0_quantize_f32",1139,3472797112312,3472797118072,0,0,24,0,128,32,1,1,133120,1,1
"KERNEL_DISPATCH","Agent 1",2,5,89862,1140,4,"q8_0_quantize_f32",1140,3472797121912,3472797127592,0,0,24,0,128,32,1,1,133120,1,1
"KERNEL_DISPATCH","Agent 1",2,5,89862,1141,4,"q8_0_quantize_f32",1141,3472797131432,3472797137112,0,0,24,0,128,32,1,1,133120,1,1
"KERNEL_DISPATCH","Agent 1",2,5,89862,1142,4,"q8_0_quantize_f32",1142,3472797140912,3472797146593,0,0,24,0,128,32,1,1,133120,1,1
"KERNEL_DISPATCH","Agent 1",2,5,89862,1143,4,"q8_0_quantize_f32",1143,3472797150393,3472797156073,0,0,24,0,128,32,1,1,133120,1,1
"KERNEL_DISPATCH","Agent 1",2,5,89862,1144,4,"q8_0_quantize_f32",1144,3472797159873,3472797165553,0,0,24,0,128,32,1,1,133120,1,1
"KERNEL_DISPATCH","Agent 1",2,5,89862,1145,4,"q8_0_quantize_f32",1145,3472797169473,3472797175113,0,0,24,0,128,32,1,1,133120,1,1
"KERNEL_DISPATCH","Agent 1",2,5,89862,1146,4,"q8_0_quantize_f32",1146,3472797178993,3472797184673,0,0,24,0,128,32,1,1,133120,1,1
"KERNEL_DISPATCH","Agent 1",2,5,89862,1147,4,"q8_0_quantize_f32",1147,3472797188513,3472797194193,0,0,24,0,128,32,1,1,133120,1,1
"KERNEL_DISPATCH","Agent 1",2,5,89862,1148,4,"q8_0_quantize_f32",1148,3472797198073,3472797203673,0,0,24,0,128,32,1,1,133120,1,1
"KERNEL_DISPATCH","Agent 1",2,5,89862,1149,4,"q8_0_quantize_f32",1149,3472797243924,3472797261564,0,0,24,0,128,32,1,1,131072,1,1
"KERNEL_DISPATCH","Agent 1",2,5,89862,1150,4,"q8_0_quantize_f32",1150,3472797265324,3472797282204,0,0,24,0,128,32,1,1,131072,1,1
"KERNEL_DISPATCH","Agent 1",2,5,89862,1151,4,"q8_0_quantize_f32",1151,3472797286084,3472797303124,0,0,24,0,128,32,1,1,131072,1,1
"KERNEL_DISPATCH","Agent 1",2,5,89862,1152,4,"q8_0_quantize_f32",1152,3472797306964,3472797324005,0,0,24,0,128,32,1,1,131072,1,1
"KERNEL_DISPATCH","Agent 1",2,5,89862,1153,4,"q8_0_quantize_f32",1153,3472797327845,3472797344805,0,0,24,0,128,32,1,1,131072,1,1
"KERNEL_DISPATCH","Agent 1",2,5,89862,1154,4,"q8_0_quantize_f32",1154,3472797348845,3472797365845,0,0,24,0,128,32,1,1,131072,1,1
"KERNEL_DISPATCH","Agent 1",2,5,89862,1155,4,"q8_0_quantize_f32",1155,3472797369605,3472797386645,0,0,24,0,128,32,1,1,131072,1,1
"KERNEL_DISPATCH","Agent 1",2,5,89862,1156,4,"q8_0_quantize_f32",1156,3472797390445,3472797407486,0,0,24,0,128,32,1,1,131072,1,1
"KERNEL_DISPATCH","Agent 1",2,5,89862,1157,4,"q8_0_quantize_f32",1157,3472797411286,3472797428326,0,0,24,0,128,32,1,1,131072,1,1
"KERNEL_DISPATCH","Agent 1",2,5,89862,1158,4,"q8_0_quantize_f32",1158,3472797432166,3472797449126,0,0,24,0,128,32,1,1,131072,1,1
"KERNEL_DISPATCH","Agent 1",2,5,89862,1159,4,"q8_0_quantize_f32",1159,3472797490617,3472797496377,0,0,24,0,128,32,1,1,131104,1,1
"KERNEL_DISPATCH","Agent 1",2,5,89862,1160,4,"q8_0_quantize_f32",1160,3472797500257,3472797505977,0,0,24,0,128,32,1,1,131104,1,1
"KERNEL_DISPATCH","Agent 1",2,5,89862,1161,4,"q8_0_quantize_f32",1161,3472797509817,3472797515537,0,0,24,0,128,32,1,1,131104,1,1
"KERNEL_DISPATCH","Agent 1",2,5,89862,1162,4,"q8_0_quantize_f32",1162,3472797519377,3472797525097,0,0,24,0,128,32,1,1,131104,1,1
"KERNEL_DISPATCH","Agent 1",2,5,89862,1163,4,"q8_0_quantize_f32",1163,3472797528857,3472797534537,0,0,24,0,128,32,1,1,131104,1,1
"KERNEL_DISPATCH","Agent 1",2,5,89862,1164,4,"q8_0_quantize_f32",1164,3472797538337,3472797544017,0,0,24,0,128,32,1,1,131104,1,1
"KERNEL_DISPATCH","Agent 1",2,5,89862,1165,4,"q8_0_quantize_f32",1165,3472797547937,3472797553617,0,0,24,0,128,32,1,1,131104,1,1
"KERNEL_DISPATCH","Agent 1",2,5,89862,1166,4,"q8_0_quantize_f32",1166,3472797557537,3472797563217,0,0,24,0,128,32,1,1,131104,1,1
"KERNEL_DISPATCH","Agent 1",2,5,89862,1167,4,"q8_0_quantize_f32",1167,3472797567058,3472797572738,0,0,24,0,128,32,1,1,131104,1,1
"KERNEL_DISPATCH","Agent 1",2,5,89862,1168,4,"q8_0_quantize_f32",1168,3472797576578,3472797582298,0,0,24,0,128,32,1,1,131104,1,1
"KERNEL_DISPATCH","Agent 1",2,5,89862,1169,4,"q8_0_quantize_f32",1169,3472797620808,3472797626568,0,0,24,0,128,32,1,1,131296,1,1
"KERNEL_DISPATCH","Agent 1",2,5,89862,1170,4,"q8_0_quantize_f32",1170,3472797630328,3472797636008,0,0,24,0,128,32,1,1,131296,1,1
"KERNEL_DISPATCH","Agent 1",2,5,89862,1171,4,"q8_0_quantize_f32",1171,3472797639888,3472797645608,0,0,24,0,128,32,1,1,131296,1,1
"KERNEL_DISPATCH","Agent 1",2,5,89862,1172,4,"q8_0_quantize_f32",1172,3472797649449,3472797655169,0,0,24,0,128,32,1,1,131296,1,1
"KERNEL_DISPATCH","Agent 1",2,5,89862,1173,4,"q8_0_quantize_f32",1173,3472797659009,3472797664689,0,0,24,0,128,32,1,1,131296,1,1
"KERNEL_DISPATCH","Agent 1",2,5,89862,1174,4,"q8_0_quantize_f32",1174,3472797668569,3472797674249,0,0,24,0,128,32,1,1,131296,1,1
"KERNEL_DISPATCH","Agent 1",2,5,89862,1175,4,"q8_0_quantize_f32",1175,3472797678049,3472797683729,0,0,24,0,128,32,1,1,131296,1,1
"KERNEL_DISPATCH","Agent 1",2,5,89862,1176,4,"q8_0_quantize_f32",1176,3472797687529,3472797693249,0,0,24,0,128,32,1,1,131296,1,1
"KERNEL_DISPATCH","Agent 1",2,5,89862,1177,4,"q8_0_quantize_f32",1177,3472797697089,3472797702729,0,0,24,0,128,32,1,1,131296,1,1
"KERNEL_DISPATCH","Agent 1",2,5,89862,1178,4,"q8_0_quantize_f32",1178,3472797706569,3472797712249,0,0,24,0,128,32,1,1,131296,1,1
"KERNEL_DISPATCH","Agent 1",2,5,89862,1179,4,"q8_0_quantize_f32",1179,3472797750630,3472797756430,0,0,24,0,128,32,1,1,133120,1,1
"KERNEL_DISPATCH","Agent 1",2,5,89862,1180,4,"q8_0_quantize_f32",1180,3472797760190,3472797765870,0,0,24,0,128,32,1,1,133120,1,1
"KERNEL_DISPATCH","Agent 1",2,5,89862,1181,4,"q8_0_quantize_f32",1181,3472797769710,3472797775390,0,0,24,0,128,32,1,1,133120,1,1
"KERNEL_DISPATCH","Agent 1",2,5,89862,1182,4,"q8_0_quantize_f32",1182,3472797779230,3472797784950,0,0,24,0,128,32,1,1,133120,1,1
"KERNEL_DISPATCH","Agent 1",2,5,89862,1183,4,"q8_0_quantize_f32",1183,3472797788750,3472797794430,0,0,24,0,128,32,1,1,133120,1,1
"KERNEL_DISPATCH","Agent 1",2,5,89862,1184,4,"q8_0_quantize_f32",1184,3472797798190,3472797803870,0,0,24,0,128,32,1,1,133120,1,1
"KERNEL_DISPATCH","Agent 1",2,5,89862,1185,4,"q8_0_quantize_f32",1185,3472797807750,3472797813430,0,0,24,0,128,32,1,1,133120,1,1
"KERNEL_DISPATCH","Agent 1",2,5,89862,1186,4,"q8_0_quantize_f32",1186,3472797817271,3472797822991,0,0,24,0,128,32,1,1,133120,1,1
"KERNEL_DISPATCH","Agent 1",2,5,89862,1187,4,"q8_0_quantize_f32",1187,3472797826791,3472797832471,0,0,24,0,128,32,1,1,133120,1,1
"KERNEL_DISPATCH","Agent 1",2,5,89862,1188,4,"q8_0_quantize_f32",1188,3472797836311,3472797841991,0,0,24,0,128,32,1,1,133120,1,1
"KERNEL_DISPATCH","Agent 1",2,5,89862,1189,4,"q8_0_quantize_f32",1189,3472797880761,3472797886561,0,0,24,0,128,32,1,1,131104,1,1
"KERNEL_DISPATCH","Agent 1",2,5,89862,1190,4,"q8_0_quantize_f32",1190,3472797890281,3472797896001,0,0,24,0,128,32,1,1,131104,1,1
"KERNEL_DISPATCH","Agent 1",2,5,89862,1191,4,"q8_0_quantize_f32",1191,3472797899841,3472797905562,0,0,24,0,128,32,1,1,131104,1,1
"KERNEL_DISPATCH","Agent 1",2,5,89862,1192,4,"q8_0_quantize_f32",1192,3472797909402,3472797915162,0,0,24,0,128,32,1,1,131104,1,1
"KERNEL_DISPATCH","Agent 1",2,5,89862,1193,4,"q8_0_quantize_f32",1193,3472797919002,3472797924682,0,0,24,0,128,32,1,1,131104,1,1
"KERNEL_DISPATCH","Agent 1",2,5,89862,1194,4,"q8_0_quantize_f32",1194,3472797928562,3472797934242,0,0,24,0,128,32,1,1,131104,1,1
"KERNEL_DISPATCH","Agent 1",2,5,89862,1195,4,"q8_0_quantize_f32",1195,3472797938002,3472797943722,0,0,24,0,128,32,1,1,131104,1,1
"KERNEL_DISPATCH","Agent 1",2,5,89862,1196,4,"q8_0_quantize_f32",1196,3472797947482,3472797953202,0,0,24,0,128,32,1,1,131104,1,1
"KERNEL_DISPATCH","Agent 1",2,5,89862,1197,4,"q8_0_quantize_f32",1197,3472797957042,3472797962722,0,0,24,0,128,32,1,1,131104,1,1
"KERNEL_DISPATCH","Agent 1",2,5,89862,1198,4,"q8_0_quantize_f32",1198,3472797966562,3472797972242,0,0,24,0,128,32,1,1,131104,1,1
"KERNEL_DISPATCH","Agent 1",2,5,89862,1199,4,"q8_0_quantize_f32",1199,3472798011013,3472798016853,0,0,24,0,128,32,1,1,131296,1,1
"KERNEL_DISPATCH","Agent 1",2,5,89862,1200,4,"q8_0_quantize_f32",1200,3472798020653,3472798026333,0,0,24,0,128,32,1,1,131296,1,1
"KERNEL_DISPATCH","Agent 1",2,5,89862,1201,4,"q8_0_quantize_f32",1201,3472798030213,3472798035893,0,0,24,0,128,32,1,1,131296,1,1
"KERNEL_DISPATCH","Agent 1",2,5,89862,1202,4,"q8_0_quantize_f32",1202,3472798039693,3472798045373,0,0,24,0,128,32,1,1,131296,1,1
"KERNEL_DISPATCH","Agent 1",2,5,89862,1203,4,"q8_0_quantize_f32",1203,3472798049173,3472798054853,0,0,24,0,128,32,1,1,131296,1,1
"KERNEL_DISPATCH","Agent 1",2,5,89862,1204,4,"q8_0_quantize_f32",1204,3472798058653,3472798064293,0,0,24,0,128,32,1,1,131296,1,1
"KERNEL_DISPATCH","Agent 1",2,5,89862,1205,4,"q8_0_quantize_f32",1205,3472798068173,3472798073854,0,0,24,0,128,32,1,1,131296,1,1
"KERNEL_DISPATCH","Agent 1",2,5,89862,1206,4,"q8_0_quantize_f32",1206,3472798077734,3472798083414,0,0,24,0,128,32,1,1,131296,1,1
"KERNEL_DISPATCH","Agent 1",2,5,89862,1207,4,"q8_0_quantize_f32",1207,3472798087254,3472798092934,0,0,24,0,128,32,1,1,131296,1,1
"KERNEL_DISPATCH","Agent 1",2,5,89862,1208,4,"q8_0_quantize_f32",1208,3472798096814,3472798102454,0,0,24,0,128,32,1,1,131296,1,1
"KERNEL_DISPATCH","Agent 1",2,5,89862,1209,4,"q8_0_quantize_f32",1209,3472798140094,3472798145894,0,0,24,0,128,32,1,1,133120,1,1
"KERNEL_DISPATCH","Agent 1",2,5,89862,1210,4,"q8_0_quantize_f32",1210,3472798149614,3472798155295,0,0,24,0,128,32,1,1,133120,1,1
"KERNEL_DISPATCH","Agent 1",2,5,89862,1211,4,"q8_0_quantize_f32",1211,3472798159135,3472798164815,0,0,24,0,128,32,1,1,133120,1,1
"KERNEL_DISPATCH","Agent 1",2,5,89862,1212,4,"q8_0_quantize_f32",1212,3472798168655,3472798174335,0,0,24,0,128,32,1,1,133120,1,1
"KERNEL_DISPATCH","Agent 1",2,5,89862,1213,4,"q8_0_quantize_f32",1213,3472798178175,3472798183935,0,0,24,0,128,32,1,1,133120,1,1
"KERNEL_DISPATCH","Agent 1",2,5,89862,1214,4,"q8_0_quantize_f32",1214,3472798187815,3472798193495,0,0,24,0,128,32,1,1,133120,1,1
"KERNEL_DISPATCH","Agent 1",2,5,89862,1215,4,"q8_0_quantize_f32",1215,3472798197295,3472798202935,0,0,24,0,128,32,1,1,133120,1,1
"KERNEL_DISPATCH","Agent 1",2,5,89862,1216,4,"q8_0_quantize_f32",1216,3472798206695,3472798212375,0,0,24,0,128,32,1,1,133120,1,1
"KERNEL_DISPATCH","Agent 1",2,5,89862,1217,4,"q8_0_quantize_f32",1217,3472798216215,3472798221895,0,0,24,0,128,32,1,1,133120,1,1
"KERNEL_DISPATCH","Agent 1",2,5,89862,1218,4,"q8_0_quantize_f32",1218,3472798225815,3472798231535,0,0,24,0,128,32,1,1,133120,1,1
"KERNEL_DISPATCH","Agent 1",2,5,89862,1219,4,"q8_0_quantize_f32",1219,3472798270236,3472798287876,0,0,24,0,128,32,1,1,131072,1,1
"KERNEL_DISPATCH","Agent 1",2,5,89862,1220,4,"q8_0_quantize_f32",1220,3472798291676,3472798308636,0,0,24,0,128,32,1,1,131072,1,1
"KERNEL_DISPATCH","Agent 1",2,5,89862,1221,4,"q8_0_quantize_f32",1221,3472798312596,3472798329637,0,0,24,0,128,32,1,1,131072,1,1
"KERNEL_DISPATCH","Agent 1",2,5,89862,1222,4,"q8_0_quantize_f32",1222,3472798333437,3472798350477,0,0,24,0,128,32,1,1,131072,1,1
"KERNEL_DISPATCH","Agent 1",2,5,89862,1223,4,"q8_0_quantize_f32",1223,3472798354277,3472798371197,0,0,24,0,128,32,1,1,131072,1,1
"KERNEL_DISPATCH","Agent 1",2,5,89862,1224,4,"q8_0_quantize_f32",1224,3472798374957,3472798391917,0,0,24,0,128,32,1,1,131072,1,1
"KERNEL_DISPATCH","Agent 1",2,5,89862,1225,4,"q8_0_quantize_f32",1225,3472798395837,3472798412798,0,0,24,0,128,32,1,1,131072,1,1
"KERNEL_DISPATCH","Agent 1",2,5,89862,1226,4,"q8_0_quantize_f32",1226,3472798416678,3472798433718,0,0,24,0,128,32,1,1,131072,1,1
"KERNEL_DISPATCH","Agent 1",2,5,89862,1227,4,"q8_0_quantize_f32",1227,3472798437558,3472798454598,0,0,24,0,128,32,1,1,131072,1,1
"KERNEL_DISPATCH","Agent 1",2,5,89862,1228,4,"q8_0_quantize_f32",1228,3472798458478,3472798475518,0,0,24,0,128,32,1,1,131072,1,1
"KERNEL_DISPATCH","Agent 1",2,5,89862,1229,4,"q8_0_quantize_f32",1229,3472798514959,3472798520759,0,0,24,0,128,32,1,1,131296,1,1
"KERNEL_DISPATCH","Agent 1",2,5,89862,1230,4,"q8_0_quantize_f32",1230,3472798524479,3472798530159,0,0,24,0,128,32,1,1,131296,1,1
"KERNEL_DISPATCH","Agent 1",2,5,89862,1231,4,"q8_0_quantize_f32",1231,3472798534039,3472798539719,0,0,24,0,128,32,1,1,131296,1,1
"KERNEL_DISPATCH","Agent 1",2,5,89862,1232,4,"q8_0_quantize_f32",1232,3472798543559,3472798549279,0,0,24,0,128,32,1,1,131296,1,1
"KERNEL_DISPATCH","Agent 1",2,5,89862,1233,4,"q8_0_quantize_f32",1233,3472798553119,3472798558799,0,0,24,0,128,32,1,1,131296,1,1
"KERNEL_DISPATCH","Agent 1",2,5,89862,1234,4,"q8_0_quantize_f32",1234,3472798562759,3472798568439,0,0,24,0,128,32,1,1,131296,1,1
"KERNEL_DISPATCH","Agent 1",2,5,89862,1235,4,"q8_0_quantize_f32",1235,3472798572239,3472798577920,0,0,24,0,128,32,1,1,131296,1,1
"KERNEL_DISPATCH","Agent 1",2,5,89862,1236,4,"q8_0_quantize_f32",1236,3472798581720,3472798587440,0,0,24,0,128,32,1,1,131296,1,1
"KERNEL_DISPATCH","Agent 1",2,5,89862,1237,4,"q8_0_quantize_f32",1237,3472798591280,3472798596920,0,0,24,0,128,32,1,1,131296,1,1
"KERNEL_DISPATCH","Agent 1",2,5,89862,1238,4,"q8_0_quantize_f32",1238,3472798600800,3472798606480,0,0,24,0,128,32,1,1,131296,1,1
"KERNEL_DISPATCH","Agent 1",2,5,89862,1239,4,"q8_0_quantize_f32",1239,3472798644740,3472798650660,0,0,24,0,128,32,1,1,133120,1,1
"KERNEL_DISPATCH","Agent 1",2,5,89862,1240,4,"q8_0_quantize_f32",1240,3472798654740,3472798660460,0,0,24,0,128,32,1,1,133120,1,1
"KERNEL_DISPATCH","Agent 1",2,5,89862,1241,4,"q8_0_quantize_f32",1241,3472798664261,3472798669901,0,0,24,0,128,32,1,1,133120,1,1
"KERNEL_DISPATCH","Agent 1",2,5,89862,1242,4,"q8_0_quantize_f32",1242,3472798673741,3472798679421,0,0,24,0,128,32,1,1,133120,1,1
"KERNEL_DISPATCH","Agent 1",2,5,89862,1243,4,"q8_0_quantize_f32",1243,3472798683221,3472798688941,0,0,24,0,128,32,1,1,133120,1,1
"KERNEL_DISPATCH","Agent 1",2,5,89862,1244,4,"q8_0_quantize_f32",1244,3472798692741,3472798698421,0,0,24,0,128,32,1,1,133120,1,1
"KERNEL_DISPATCH","Agent 1",2,5,89862,1245,4,"q8_0_quantize_f32",1245,3472798702301,3472798707981,0,0,24,0,128,32,1,1,133120,1,1
"KERNEL_DISPATCH","Agent 1",2,5,89862,1246,4,"q8_0_quantize_f32",1246,3472798711821,3472798717541,0,0,24,0,128,32,1,1,133120,1,1
"KERNEL_DISPATCH","Agent 1",2,5,89862,1247,4,"q8_0_quantize_f32",1247,3472798721421,3472798727101,0,0,24,0,128,32,1,1,133120,1,1
"KERNEL_DISPATCH","Agent 1",2,5,89862,1248,4,"q8_0_quantize_f32",1248,3472798730981,3472798736661,0,0,24,0,128,32,1,1,133120,1,1
"KERNEL_DISPATCH","Agent 1",2,5,89862,1249,4,"q8_0_quantize_f32",1249,3472798774532,3472798792212,0,0,24,0,128,32,1,1,131072,1,1
"KERNEL_DISPATCH","Agent 1",2,5,89862,1250,4,"q8_0_quantize_f32",1250,3472798796012,3472798813092,0,0,24,0,128,32,1,1,131072,1,1
"KERNEL_DISPATCH","Agent 1",2,5,89862,1251,4,"q8_0_quantize_f32",1251,3472798816972,3472798834013,0,0,24,0,128,32,1,1,131072,1,1
"KERNEL_DISPATCH","Agent 1",2,5,89862,1252,4,"q8_0_quantize_f32",1252,3472798837893,3472798854893,0,0,24,0,128,32,1,1,131072,1,1
"KERNEL_DISPATCH","Agent 1",2,5,89862,1253,4,"q8_0_quantize_f32",1253,3472798858733,3472798875853,0,0,24,0,128,32,1,1,131072,1,1
"KERNEL_DISPATCH","Agent 1",2,5,89862,1254,4,"q8_0_quantize_f32",1254,3472798879773,3472798885613,0,0,24,0,128,32,1,1,131072,1,1
"KERNEL_DISPATCH","Agent 1",2,5,89862,1255,4,"q8_0_quantize_f32",1255,3472798889413,3472798906253,0,0,24,0,128,32,1,1,131072,1,1
"KERNEL_DISPATCH","Agent 1",2,5,89862,1256,4,"q8_0_quantize_f32",1256,3472798910053,3472798927054,0,0,24,0,128,32,1,1,131072,1,1
"KERNEL_DISPATCH","Agent 1",2,5,89862,1257,4,"q8_0_quantize_f32",1257,3472798930934,3472798947974,0,0,24,0,128,32,1,1,131072,1,1
"KERNEL_DISPATCH","Agent 1",2,5,89862,1258,4,"q8_0_quantize_f32",1258,3472798951854,3472798968894,0,0,24,0,128,32,1,1,131072,1,1
"KERNEL_DISPATCH","Agent 1",2,5,89862,1259,4,"q8_0_quantize_f32",1259,3472799007775,3472799013575,0,0,24,0,128,32,1,1,131104,1,1
"KERNEL_DISPATCH","Agent 1",2,5,89862,1260,4,"q8_0_quantize_f32",1260,3472799017375,3472799023495,0,0,24,0,128,32,1,1,131104,1,1
"KERNEL_DISPATCH","Agent 1",2,5,89862,1261,4,"q8_0_quantize_f32",1261,3472799027335,3472799033015,0,0,24,0,128,32,1,1,131104,1,1
"KERNEL_DISPATCH","Agent 1",2,5,89862,1262,4,"q8_0_quantize_f32",1262,3472799036855,3472799042575,0,0,24,0,128,32,1,1,131104,1,1
"KERNEL_DISPATCH","Agent 1",2,5,89862,1263,4,"q8_0_quantize_f32",1263,3472799046375,3472799052095,0,0,24,0,128,32,1,1,131104,1,1
"KERNEL_DISPATCH","Agent 1",2,5,89862,1264,4,"q8_0_quantize_f32",1264,3472799055895,3472799061575,0,0,24,0,128,32,1,1,131104,1,1
"KERNEL_DISPATCH","Agent 1",2,5,89862,1265,4,"q8_0_quantize_f32",1265,3472799065455,3472799071135,0,0,24,0,128,32,1,1,131104,1,1
"KERNEL_DISPATCH","Agent 1",2,5,89862,1266,4,"q8_0_quantize_f32",1266,3472799075055,3472799080775,0,0,24,0,128,32,1,1,131104,1,1
"KERNEL_DISPATCH","Agent 1",2,5,89862,1267,4,"q8_0_quantize_f32",1267,3472799084616,3472799090336,0,0,24,0,128,32,1,1,131104,1,1
"KERNEL_DISPATCH","Agent 1",2,5,89862,1268,4,"q8_0_quantize_f32",1268,3472799094216,3472799099896,0,0,24,0,128,32,1,1,131104,1,1
"KERNEL_DISPATCH","Agent 1",2,5,89862,1269,4,"q8_0_quantize_f32",1269,3472799137666,3472799143466,0,0,24,0,128,32,1,1,133120,1,1
"KERNEL_DISPATCH","Agent 1",2,5,89862,1270,4,"q8_0_quantize_f32",1270,3472799147186,3472799152906,0,0,24,0,128,32,1,1,133120,1,1
"KERNEL_DISPATCH","Agent 1",2,5,89862,1271,4,"q8_0_quantize_f32",1271,3472799156786,3472799162506,0,0,24,0,128,32,1,1,133120,1,1
"KERNEL_DISPATCH","Agent 1",2,5,89862,1272,4,"q8_0_quantize_f32",1272,3472799166346,3472799172027,0,0,24,0,128,32,1,1,133120,1,1
"KERNEL_DISPATCH","Agent 1",2,5,89862,1273,4,"q8_0_quantize_f32",1273,3472799175867,3472799181587,0,0,24,0,128,32,1,1,133120,1,1
"KERNEL_DISPATCH","Agent 1",2,5,89862,1274,4,"q8_0_quantize_f32",1274,3472799185507,3472799191227,0,0,24,0,128,32,1,1,133120,1,1
"KERNEL_DISPATCH","Agent 1",2,5,89862,1275,4,"q8_0_quantize_f32",1275,3472799194987,3472799200667,0,0,24,0,128,32,1,1,133120,1,1
"KERNEL_DISPATCH","Agent 1",2,5,89862,1276,4,"q8_0_quantize_f32",1276,3472799204467,3472799210147,0,0,24,0,128,32,1,1,133120,1,1
"KERNEL_DISPATCH","Agent 1",2,5,89862,1277,4,"q8_0_quantize_f32",1277,3472799213987,3472799219667,0,0,24,0,128,32,1,1,133120,1,1
"KERNEL_DISPATCH","Agent 1",2,5,89862,1278,4,"q8_0_quantize_f32",1278,3472799223547,3472799229227,0,0,24,0,128,32,1,1,133120,1,1
"KERNEL_DISPATCH","Agent 1",2,5,89862,1279,4,"q8_0_quantize_f32",1279,3472799267148,3472799284868,0,0,24,0,128,32,1,1,131072,1,1
"KERNEL_DISPATCH","Agent 1",2,5,89862,1280,4,"q8_0_quantize_f32",1280,3472799288708,3472799305788,0,0,24,0,128,32,1,1,131072,1,1
"KERNEL_DISPATCH","Agent 1",2,5,89862,1281,4,"q8_0_quantize_f32",1281,3472799309668,3472799326748,0,0,24,0,128,32,1,1,131072,1,1
"KERNEL_DISPATCH","Agent 1",2,5,89862,1282,4,"q8_0_quantize_f32",1282,3472799330588,3472799347669,0,0,24,0,128,32,1,1,131072,1,1
"KERNEL_DISPATCH","Agent 1",2,5,89862,1283,4,"q8_0_quantize_f32",1283,3472799351429,3472799368509,0,0,24,0,128,32,1,1,131072,1,1
"KERNEL_DISPATCH","Agent 1",2,5,89862,1284,4,"q8_0_quantize_f32",1284,3472799372389,3472799389469,0,0,24,0,128,32,1,1,131072,1,1
"KERNEL_DISPATCH","Agent 1",2,5,89862,1285,4,"q8_0_quantize_f32",1285,3472799393349,3472799410429,0,0,24,0,128,32,1,1,131072,1,1
"KERNEL_DISPATCH","Agent 1",2,5,89862,1286,4,"q8_0_quantize_f32",1286,3472799414269,3472799431350,0,0,24,0,128,32,1,1,131072,1,1
"KERNEL_DISPATCH","Agent 1",2,5,89862,1287,4,"q8_0_quantize_f32",1287,3472799435190,3472799452190,0,0,24,0,128,32,1,1,131072,1,1
"KERNEL_DISPATCH","Agent 1",2,5,89862,1288,4,"q8_0_quantize_f32",1288,3472799456070,3472799473070,0,0,24,0,128,32,1,1,131072,1,1
"KERNEL_DISPATCH","Agent 1",2,5,89862,1289,4,"q8_0_quantize_f32",1289,3472799512021,3472799517861,0,0,24,0,128,32,1,1,131104,1,1
"KERNEL_DISPATCH","Agent 1",2,5,89862,1290,4,"q8_0_quantize_f32",1290,3472799521661,3472799527381,0,0,24,0,128,32,1,1,131104,1,1
"KERNEL_DISPATCH","Agent 1",2,5,89862,1291,4,"q8_0_quantize_f32",1291,3472799531541,3472799537221,0,0,24,0,128,32,1,1,131104,1,1
"KERNEL_DISPATCH","Agent 1",2,5,89862,1292,4,"q8_0_quantize_f32",1292,3472799541101,3472799546781,0,0,24,0,128,32,1,1,131104,1,1
"KERNEL_DISPATCH","Agent 1",2,5,89862,1293,4,"q8_0_quantize_f32",1293,3472799550621,3472799556341,0,0,24,0,128,32,1,1,131104,1,1
"KERNEL_DISPATCH","Agent 1",2,5,89862,1294,4,"q8_0_quantize_f32",1294,3472799560221,3472799565941,0,0,24,0,128,32,1,1,131104,1,1
"KERNEL_DISPATCH","Agent 1",2,5,89862,1295,4,"q8_0_quantize_f32",1295,3472799569701,3472799575381,0,0,24,0,128,32,1,1,131104,1,1
"KERNEL_DISPATCH","Agent 1",2,5,89862,1296,4,"q8_0_quantize_f32",1296,3472799579261,3472799584941,0,0,24,0,128,32,1,1,131104,1,1
"KERNEL_DISPATCH","Agent 1",2,5,89862,1297,4,"q8_0_quantize_f32",1297,3472799588782,3472799594462,0,0,24,0,128,32,1,1,131104,1,1
"KERNEL_DISPATCH","Agent 1",2,5,89862,1298,4,"q8_0_quantize_f32",1298,3472799598342,3472799603982,0,0,24,0,128,32,1,1,131104,1,1
"KERNEL_DISPATCH","Agent 1",2,5,89862,1299,4,"q8_0_quantize_f32",1299,3472799640662,3472799646502,0,0,24,0,128,32,1,1,131296,1,1
"KERNEL_DISPATCH","Agent 1",2,5,89862,1300,4,"q8_0_quantize_f32",1300,3472799650262,3472799655982,0,0,24,0,128,32,1,1,131296,1,1
"KERNEL_DISPATCH","Agent 1",2,5,89862,1301,4,"q8_0_quantize_f32",1301,3472799659822,3472799665542,0,0,24,0,128,32,1,1,131296,1,1
"KERNEL_DISPATCH","Agent 1",2,5,89862,1302,4,"q8_0_quantize_f32",1302,3472799669342,3472799675023,0,0,24,0,128,32,1,1,131296,1,1
"KERNEL_DISPATCH","Agent 1",2,5,89862,1303,4,"q8_0_quantize_f32",1303,3472799678823,3472799684543,0,0,24,0,128,32,1,1,131296,1,1
"KERNEL_DISPATCH","Agent 1",2,5,89862,1304,4,"q8_0_quantize_f32",1304,3472799688343,3472799694023,0,0,24,0,128,32,1,1,131296,1,1
"KERNEL_DISPATCH","Agent 1",2,5,89862,1305,4,"q8_0_quantize_f32",1305,3472799697903,3472799703583,0,0,24,0,128,32,1,1,131296,1,1
"KERNEL_DISPATCH","Agent 1",2,5,89862,1306,4,"q8_0_quantize_f32",1306,3472799707423,3472799713103,0,0,24,0,128,32,1,1,131296,1,1
"KERNEL_DISPATCH","Agent 1",2,5,89862,1307,4,"q8_0_quantize_f32",1307,3472799716943,3472799722663,0,0,24,0,128,32,1,1,131296,1,1
"KERNEL_DISPATCH","Agent 1",2,5,89862,1308,4,"q8_0_quantize_f32",1308,3472799726543,3472799732223,0,0,24,0,128,32,1,1,131296,1,1
"KERNEL_DISPATCH","Agent 1",2,5,89862,1309,4,"q8_0_quantize_f32",1309,3472799771304,3472799788984,0,0,24,0,128,32,1,1,131072,1,1
"KERNEL_DISPATCH","Agent 1",2,5,89862,1310,4,"q8_0_quantize_f32",1310,3472799792824,3472799809864,0,0,24,0,128,32,1,1,131072,1,1
"KERNEL_DISPATCH","Agent 1",2,5,89862,1311,4,"q8_0_quantize_f32",1311,3472799813704,3472799830784,0,0,24,0,128,32,1,1,131072,1,1
"KERNEL_DISPATCH","Agent 1",2,5,89862,1312,4,"q8_0_quantize_f32",1312,3472799834624,3472799851625,0,0,24,0,128,32,1,1,131072,1,1
"KERNEL_DISPATCH","Agent 1",2,5,89862,1313,4,"q8_0_quantize_f32",1313,3472799855505,3472799872465,0,0,24,0,128,32,1,1,131072,1,1
"KERNEL_DISPATCH","Agent 1",2,5,89862,1314,4,"q8_0_quantize_f32",1314,3472799876345,3472799893425,0,0,24,0,128,32,1,1,131072,1,1
"KERNEL_DISPATCH","Agent 1",2,5,89862,1315,4,"q8_0_quantize_f32",1315,3472799897185,3472799914225,0,0,24,0,128,32,1,1,131072,1,1
"KERNEL_DISPATCH","Agent 1",2,5,89862,1316,4,"q8_0_quantize_f32",1316,3472799917985,3472799934946,0,0,24,0,128,32,1,1,131072,1,1
"KERNEL_DISPATCH","Agent 1",2,5,89862,1317,4,"q8_0_quantize_f32",1317,3472799938786,3472799955826,0,0,24,0,128,32,1,1,131072,1,1
"KERNEL_DISPATCH","Agent 1",2,5,89862,1318,4,"q8_0_quantize_f32",1318,3472799959706,3472799976666,0,0,24,0,128,32,1,1,131072,1,1
"KERNEL_DISPATCH","Agent 1",2,5,89862,1319,4,"q8_0_quantize_f32",1319,3472800016617,3472800022777,0,0,24,0,128,32,1,1,131104,1,1
"KERNEL_DISPATCH","Agent 1",2,5,89862,1320,4,"q8_0_quantize_f32",1320,3472800026537,3472800032217,0,0,24,0,128,32,1,1,131104,1,1
"KERNEL_DISPATCH","Agent 1",2,5,89862,1321,4,"q8_0_quantize_f32",1321,3472800036177,3472800041857,0,0,24,0,128,32,1,1,131104,1,1
"KERNEL_DISPATCH","Agent 1",2,5,89862,1322,4,"q8_0_quantize_f32",1322,3472800045697,3472800051417,0,0,24,0,128,32,1,1,131104,1,1
"KERNEL_DISPATCH","Agent 1",2,5,89862,1323,4,"q8_0_quantize_f32",1323,3472800055177,3472800060857,0,0,24,0,128,32,1,1,131104,1,1
"KERNEL_DISPATCH","Agent 1",2,5,89862,1324,4,"q8_0_quantize_f32",1324,3472800064657,3472800070297,0,0,24,0,128,32,1,1,131104,1,1
"KERNEL_DISPATCH","Agent 1",2,5,89862,1325,4,"q8_0_quantize_f32",1325,3472800074177,3472800079897,0,0,24,0,128,32,1,1,131104,1,1
"KERNEL_DISPATCH","Agent 1",2,5,89862,1326,4,"q8_0_quantize_f32",1326,3472800083737,3472800089457,0,0,24,0,128,32,1,1,131104,1,1
"KERNEL_DISPATCH","Agent 1",2,5,89862,1327,4,"q8_0_quantize_f32",1327,3472800093297,3472800098978,0,0,24,0,128,32,1,1,131104,1,1
"KERNEL_DISPATCH","Agent 1",2,5,89862,1328,4,"q8_0_quantize_f32",1328,3472800102858,3472800108538,0,0,24,0,128,32,1,1,131104,1,1
"KERNEL_DISPATCH","Agent 1",2,5,89862,1329,4,"q8_0_quantize_f32",1329,3472800147738,3472800153578,0,0,24,0,128,32,1,1,131296,1,1
"KERNEL_DISPATCH","Agent 1",2,5,89862,1330,4,"q8_0_quantize_f32",1330,3472800157258,3472800162938,0,0,24,0,128,32,1,1,131296,1,1
"KERNEL_DISPATCH","Agent 1",2,5,89862,1331,4,"q8_0_quantize_f32",1331,3472800166818,3472800172498,0,0,24,0,128,32,1,1,131296,1,1
"KERNEL_DISPATCH","Agent 1",2,5,89862,1332,4,"q8_0_quantize_f32",1332,3472800176338,3472800182019,0,0,24,0,128,32,1,1,131296,1,1
"KERNEL_DISPATCH","Agent 1",2,5,89862,1333,4,"q8_0_quantize_f32",1333,3472800185899,3472800191579,0,0,24,0,128,32,1,1,131296,1,1
"KERNEL_DISPATCH","Agent 1",2,5,89862,1334,4,"q8_0_quantize_f32",1334,3472800195459,3472800201139,0,0,24,0,128,32,1,1,131296,1,1
"KERNEL_DISPATCH","Agent 1",2,5,89862,1335,4,"q8_0_quantize_f32",1335,3472800204899,3472800210619,0,0,24,0,128,32,1,1,131296,1,1
"KERNEL_DISPATCH","Agent 1",2,5,89862,1336,4,"q8_0_quantize_f32",1336,3472800214379,3472800220099,0,0,24,0,128,32,1,1,131296,1,1
"KERNEL_DISPATCH","Agent 1",2,5,89862,1337,4,"q8_0_quantize_f32",1337,3472800223899,3472800229579,0,0,24,0,128,32,1,1,131296,1,1
"KERNEL_DISPATCH","Agent 1",2,5,89862,1338,4,"q8_0_quantize_f32",1338,3472800233579,3472800239259,0,0,24,0,128,32,1,1,131296,1,1
"KERNEL_DISPATCH","Agent 1",2,5,89862,1339,4,"q8_0_quantize_f32",1339,3472800281210,3472800287050,0,0,24,0,128,32,1,1,133120,1,1
"KERNEL_DISPATCH","Agent 1",2,5,89862,1340,4,"q8_0_quantize_f32",1340,3472800290770,3472800296490,0,0,24,0,128,32,1,1,133120,1,1
"KERNEL_DISPATCH","Agent 1",2,5,89862,1341,4,"q8_0_quantize_f32",1341,3472800300170,3472800305850,0,0,24,0,128,32,1,1,133120,1,1
"KERNEL_DISPATCH","Agent 1",2,5,89862,1342,4,"q8_0_quantize_f32",1342,3472800309650,3472800315410,0,0,24,0,128,32,1,1,133120,1,1
"KERNEL_DISPATCH","Agent 1",2,5,89862,1343,4,"q8_0_quantize_f32",1343,3472800319330,3472800325050,0,0,24,0,128,32,1,1,133120,1,1
"KERNEL_DISPATCH","Agent 1",2,5,89862,1344,4,"q8_0_quantize_f32",1344,3472800328890,3472800334570,0,0,24,0,128,32,1,1,133120,1,1
"KERNEL_DISPATCH","Agent 1",2,5,89862,1345,4,"q8_0_quantize_f32",1345,3472800338410,3472800344130,0,0,24,0,128,32,1,1,133120,1,1
"KERNEL_DISPATCH","Agent 1",2,5,89862,1346,4,"q8_0_quantize_f32",1346,3472800348011,3472800353771,0,0,24,0,128,32,1,1,133120,1,1
"KERNEL_DISPATCH","Agent 1",2,5,89862,1347,4,"q8_0_quantize_f32",1347,3472800357571,3472800363291,0,0,24,0,128,32,1,1,133120,1,1
"KERNEL_DISPATCH","Agent 1",2,5,89862,1348,4,"q8_0_quantize_f32",1348,3472800367051,3472800372771,0,0,24,0,128,32,1,1,133120,1,1
"KERNEL_DISPATCH","Agent 1",1,0,89862,1349,20,"__amd_rocclr_fillBufferAligned",1349,3472801091039,3472801093999,0,0,16,0,128,256,1,1,4352,1,1
"KERNEL_DISPATCH","Agent 1",1,0,89862,1350,20,"__amd_rocclr_fillBufferAligned",1350,3472801098279,3472801100479,0,0,16,0,128,256,1,1,512,1,1
"KERNEL_DISPATCH","Agent 1",1,0,89862,1351,20,"__amd_rocclr_fillBufferAligned",1351,3472801104319,3472801106639,0,0,16,0,128,256,1,1,256,1,1
"KERNEL_DISPATCH","Agent 1",1,0,89862,1352,20,"__amd_rocclr_fillBufferAligned",1352,3472801110400,3472801112640,0,0,16,0,128,256,1,1,4352,1,1
"KERNEL_DISPATCH","Agent 1",1,0,89862,1353,20,"__amd_rocclr_fillBufferAligned",1353,3472801116480,3472801118600,0,0,16,0,128,256,1,1,512,1,1
"KERNEL_DISPATCH","Agent 1",1,0,89862,1354,20,"__amd_rocclr_fillBufferAligned",1354,3472801122320,3472801124480,0,0,16,0,128,256,1,1,256,1,1
"KERNEL_DISPATCH","Agent 1",1,0,89862,1355,20,"__amd_rocclr_fillBufferAligned",1355,3472801128280,3472801130600,0,0,16,0,128,256,1,1,4352,1,1
"KERNEL_DISPATCH","Agent 1",1,0,89862,1356,20,"__amd_rocclr_fillBufferAligned",1356,3472801134360,3472801136520,0,0,16,0,128,256,1,1,512,1,1
"KERNEL_DISPATCH","Agent 1",1,0,89862,1357,20,"__amd_rocclr_fillBufferAligned",1357,3472801140400,3472801142560,0,0,16,0,128,256,1,1,256,1,1
"KERNEL_DISPATCH","Agent 1",1,0,89862,1358,20,"__amd_rocclr_fillBufferAligned",1358,3472801146400,3472801148600,0,0,16,0,128,256,1,1,4352,1,1
"KERNEL_DISPATCH","Agent 1",1,0,89862,1359,20,"__amd_rocclr_fillBufferAligned",1359,3472801152360,3472801154840,0,0,16,0,128,256,1,1,512,1,1
"KERNEL_DISPATCH","Agent 1",1,0,89862,1360,20,"__amd_rocclr_fillBufferAligned",1360,3472801158600,3472801160880,0,0,16,0,128,256,1,1,256,1,1
"KERNEL_DISPATCH","Agent 1",1,0,89862,1361,4,"q8_0_quantize_f32",1361,3472801164920,3472801169440,0,0,24,0,128,32,1,1,65568,1,1
"KERNEL_DISPATCH","Agent 1",1,0,89862,1362,4,"q8_0_quantize_f32",1362,3472801173320,3472801177480,0,0,24,0,128,32,1,1,65600,1,1
"KERNEL_DISPATCH","Agent 1",1,0,89862,1363,4,"q8_0_quantize_f32",1363,3472801181320,3472801185480,0,0,24,0,128,32,1,1,65792,1,1
"KERNEL_DISPATCH","Agent 1",1,0,89862,1364,4,"q8_0_quantize_f32",1364,3472801189320,3472801193641,0,0,24,0,128,32,1,1,67616,1,1
"KERNEL_DISPATCH","Agent 1",1,0,89862,1365,11,"__amd_rocclr_copyBuffer",1365,3472801264011,3472801266891,0,0,16,0,128,512,1,1,1024,1,1
"KERNEL_DISPATCH","Agent 1",1,0,89862,1366,11,"__amd_rocclr_copyBuffer",1366,3472801545245,3472801548165,0,0,16,0,128,512,1,1,1024,1,1
"KERNEL_DISPATCH","Agent 1",1,0,89862,1367,11,"__amd_rocclr_copyBuffer",1367,3472801638076,3472801640876,0,0,16,0,128,512,1,1,1024,1,1
"KERNEL_DISPATCH","Agent 1",1,0,89862,1368,11,"__amd_rocclr_copyBuffer",1368,3472801731057,3472801733857,0,0,16,0,128,512,1,1,1024,1,1
"KERNEL_DISPATCH","Agent 1",2,6,89862,1369,23,"kb::kb_spin(unsigned long)",1369,3472802330683,3473102335466,0,8,8,0,128,64,1,1,8192,1,1
"KERNEL_DISPATCH","Agent 1",2,6,89862,1370,4,"q8_0_quantize_f32",1370,3473102506717,3473102510717,0,0,24,0,128,32,1,1,65568,1,1
"KERNEL_DISPATCH","Agent 1",2,6,89862,1371,4,"q8_0_quantize_f32",1371,3473102514677,3473102518117,0,0,24,0,128,32,1,1,65568,1,1
"KERNEL_DISPATCH","Agent 1",2,6,89862,1372,4,"q8_0_quantize_f32",1372,3473102522037,3473102525517,0,0,24,0,128,32,1,1,65568,1,1
"KERNEL_DISPATCH","Agent 1",2,6,89862,1373,4,"q8_0_quantize_f32",1373,3473102529237,3473102532757,0,0,24,0,128,32,1,1,65568,1,1
"KERNEL_DISPATCH","Agent 1",2,6,89862,1374,4,"q8_0_quantize_f32",1374,3473102536397,3473102539997,0,0,24,0,128,32,1,1,65568,1,1
"KERNEL_DISPATCH","Agent 1",2,6,89862,1375,4,"q8_0_quantize_f32",1375,3473102543717,3473102547197,0,0,24,0,128,32,1,1,65568,1,1
"KERNEL_DISPATCH","Agent 1",2,6,89862,1376,4,"q8_0_quantize_f32",1376,3473102551197,3473102554677,0,0,24,0,128,32,1,1,65568,1,1
"KERNEL_DISPATCH","Agent 1",2,6,89862,1377,4,"q8_0_quantize_f32",1377,3473102558637,3473102562078,0,0,24,0,128,32,1,1,65568,1,1
"KERNEL_DISPATCH","Agent 1",2,6,89862,1378,4,"q8_0_quantize_f32",1378,3473102565838,3473102569318,0,0,24,0,128,32,1,1,65568,1,1
"KERNEL_DISPATCH","Agent 1",2,6,89862,1379,4,"q8_0_quantize_f32",1379,3473102573118,3473102576598,0,0,24,0,128,32,1,1,65568,1,1
"KERNEL_DISPATCH","Agent 1",2,6,89862,1380,4,"q8_0_quantize_f32",1380,3473102587238,3473102590998,0,0,24,0,128,32,1,1,65600,1,1
"KERNEL_DISPATCH","Agent 1",2,6,89862,1381,4,"q8_0_quantize_f32",1381,3473102594878,3473102598398,0,0,24,0,128,32,1,1,65600,1,1
"KERNEL_DISPATCH","Agent 1",2,6,89862,1382,4,"q8_0_quantize_f32",1382,3473102602238,3473102605718,0,0,24,0,128,32,1,1,65600,1,1
"KERNEL_DISPATCH","Agent 1",2,6,89862,1383,4,"q8_0_quantize_f32",1383,3473102609598,3473102612998,0,0,24,0,128,32,1,1,65600,1,1
"KERNEL_DISPATCH","Agent 1",2,6,89862,1384,4,"q8_0_quantize_f32",1384,3473102616918,3473102620358,0,0,24,0,128,32,1,1,65600,1,1
"KERNEL_DISPATCH","Agent 1",2,6,89862,1385,4,"q8_0_quantize_f32",1385,3473102624158,3473102627598,0,0,24,0,128,32,1,1,65600,1,1
"KERNEL_DISPATCH","Agent 1",2,6,89862,1386,4,"q8_0_quantize_f32",1386,3473102631438,3473102634878,0,0,24,0,128,32,1,1,65600,1,1
"KERNEL_DISPATCH","Agent 1",2,6,89862,1387,4,"q8_0_quantize_f32",1387,3473102638598,3473102641998,0,0,24,0,128,32,1,1,65600,1,1
"KERNEL_DISPATCH","Agent 1",2,6,89862,1388,4,"q8_0_quantize_f32",1388,3473102645718,3473102649159,0,0,24,0,128,32,1,1,65600,1,1
"KERNEL_DISPATCH","Agent 1",2,6,89862,1389,4,"q8_0_quantize_f32",1389,3473102652799,3473102656279,0,0,24,0,128,32,1,1,65600,1,1
"KERNEL_DISPATCH","Agent 1",2,6,89862,1390,4,"q8_0_quantize_f32",1390,3473102667039,3473102670919,0,0,24,0,128,32,1,1,65792,1,1
"KERNEL_DISPATCH","Agent 1",2,6,89862,1391,4,"q8_0_quantize_f32",1391,3473102674719,3473102678199,0,0,24,0,128,32,1,1,65792,1,1
"KERNEL_DISPATCH","Agent 1",2,6,89862,1392,4,"q8_0_quantize_f32",1392,3473102681999,3473102685439,0,0,24,0,128,32,1,1,65792,1,1
"KERNEL_DISPATCH","Agent 1",2,6,89862,1393,4,"q8_0_quantize_f32",1393,3473102689279,3473102692839,0,0,24,0,128,32,1,1,65792,1,1
"KERNEL_DISPATCH","Agent 1",2,6,89862,1394,4,"q8_0_quantize_f32",1394,3473102696719,3473102700119,0,0,24,0,128,32,1,1,65792,1,1
"KERNEL_DISPATCH","Agent 1",2,6,89862,1395,4,"q8_0_quantize_f32",1395,3473102703999,3473102707439,0,0,24,0,128,32,1,1,65792,1,1
"KERNEL_DISPATCH","Agent 1",2,6,89862,1396,4,"q8_0_quantize_f32",1396,3473102711199,3473102714679,0,0,24,0,128,32,1,1,65792,1,1
"KERNEL_DISPATCH","Agent 1",2,6,89862,1397,4,"q8_0_quantize_f32",1397,3473102718439,3473102721879,0,0,24,0,128,32,1,1,65792,1,1
"KERNEL_DISPATCH","Agent 1",2,6,89862,1398,4,"q8_0_quantize_f32",1398,3473102725639,3473102729159,0,0,24,0,128,32,1,1,65792,1,1
"KERNEL_DISPATCH","Agent 1",2,6,89862,1399,4,"q8_0_quantize_f32",1399,3473102733039,3473102736480,0,0,24,0,128,32,1,1,65792,1,1
"KERNEL_DISPATCH","Agent 1",2,6,89862,1400,4,"q8_0_quantize_f32",1400,3473102747040,3473102750880,0,0,24,0,128,32,1,1,67616,1,1
"KERNEL_DISPATCH","Agent 1",2,6,89862,1401,4,"q8_0_quantize_f32",1401,3473102754560,3473102758040,0,0,24,0,128,32,1,1,67616,1,1
"KERNEL_DISPATCH","Agent 1",2,6,89862,1402,4,"q8_0_quantize_f32",1402,3473102761880,3473102765360,0,0,24,0,128,32,1,1,67616,1,1
"KERNEL_DISPATCH","Agent 1",2,6,89862,1403,4,"q8_0_quantize_f32",1403,3473102769120,3473102772600,0,0,24,0,128,32,1,1,67616,1,1
"KERNEL_DISPATCH","Agent 1",2,6,89862,1404,4,"q8_0_quantize_f32",1404,3473102776360,3473102779800,0,0,24,0,128,32,1,1,67616,1,1
"KERNEL_DISPATCH","Agent 1",2,6,89862,1405,4,"q8_0_quantize_f32",1405,3473102783560,3473102787000,0,0,24,0,128,32,1,1,67616,1,1
"KERNEL_DISPATCH","Agent 1",2,6,89862,1406,4,"q8_0_quantize_f32",1406,3473102790840,3473102794320,0,0,24,0,128,32,1,1,67616,1,1
"KERNEL_DISPATCH","Agent 1",2,6,89862,1407,4,"q8_0_quantize_f32",1407,3473102798080,3473102801560,0,0,24,0,128,32,1,1,67616,1,1
"KERNEL_DISPATCH","Agent 1",2,6,89862,1408,4,"q8_0_quantize_f32",1408,3473102805560,3473102809000,0,0,24,0,128,32,1,1,67616,1,1
"KERNEL_DISPATCH","Agent 1",2,6,89862,1409,4,"q8_0_quantize_f32",1409,3473102812840,3473102816240,0,0,24,0,128,32,1,1,67616,1,1
"KERNEL_DISPATCH","Agent 1",2,6,89862,1410,4,"q8_0_quantize_f32",1410,3473102826361,3473102829801,0,0,24,0,128,32,1,1,65568,1,1
"KERNEL_DISPATCH","Agent 1",2,6,89862,1411,4,"q8_0_quantize_f32",1411,3473102833521,3473102836961,0,0,24,0,128,32,1,1,65568,1,1
"KERNEL_DISPATCH","Agent 1",2,6,89862,1412,4,"q8_0_quantize_f32",1412,3473102840641,3473102843961,0,0,24,0,128,32,1,1,65568,1,1
"KERNEL_DISPATCH","Agent 1",2,6,89862,1413,4,"q8_0_quantize_f32",1413,3473102847921,3473102851321,0,0,24,0,128,32,1,1,65568,1,1
"KERNEL_DISPATCH","Agent 1",2,6,89862,1414,4,"q8_0_quantize_f32",1414,3473102855121,3473102858441,0,0,24,0,128,32,1,1,65568,1,1
"KERNEL_DISPATCH","Agent 1",2,6,89862,1415,4,"q8_0_quantize_f32",1415,3473102862281,3473102865681,0,0,24,0,128,32,1,1,65568,1,1
"KERNEL_DISPATCH","Agent 1",2,6,89862,1416,4,"q8_0_quantize_f32",1416,3473102869441,3473102872761,0,0,24,0,128,32,1,1,65568,1,1
"KERNEL_DISPATCH","Agent 1",2,6,89862,1417,4,"q8_0_quantize_f32",1417,3473102876521,3473102879881,0,0,24,0,128,32,1,1,65568,1,1
"KERNEL_DISPATCH","Agent 1",2,6,89862,1418,4,"q8_0_quantize_f32",1418,3473102883721,3473102887081,0,0,24,0,128,32,1,1,65568,1,1
"KERNEL_DISPATCH","Agent 1",2,6,89862,1419,4,"q8_0_quantize_f32",1419,3473102890841,3473102894241,0,0,24,0,128,32,1,1,65568,1,1
"KERNEL_DISPATCH","Agent 1",2,6,89862,1420,4,"q8_0_quantize_f32",1420,3473102904361,3473102907802,0,0,24,0,128,32,1,1,65600,1,1
"KERNEL_DISPATCH","Agent 1",2,6,89862,1421,4,"q8_0_quantize_f32",1421,3473102911522,3473102914882,0,0,24,0,128,32,1,1,65600,1,1
"KERNEL_DISPATCH","Agent 1",2,6,89862,1422,4,"q8_0_quantize_f32",1422,3473102918562,3473102921922,0,0,24,0,128,32,1,1,65600,1,1
"KERNEL_DISPATCH","Agent 1",2,6,89862,1423,4,"q8_0_quantize_f32",1423,3473102925642,3473102929042,0,0,24,0,128,32,1,1,65600,1,1
"KERNEL_DISPATCH","Agent 1",2,6,89862,1424,4,"q8_0_quantize_f32",1424,3473102932722,3473102936082,0,0,24,0,128,32,1,1,65600,1,1
"KERNEL_DISPATCH","Agent 1",2,6,89862,1425,4,"q8_0_quantize_f32",1425,3473102939962,3473102943362,0,0,24,0,128,32,1,1,65600,1,1
"KERNEL_DISPATCH","Agent 1",2,6,89862,1426,4,"q8_0_quantize_f32",1426,3473102947122,3473102950442,0,0,24,0,128,32,1,1,65600,1,1
"KERNEL_DISPATCH","Agent 1",2,6,89862,1427,4,"q8_0_quantize_f32",1427,3473102954362,3473102957762,0,0,24,0,128,32,1,1,65600,1,1
"KERNEL_DISPATCH","Agent 1",2,6,89862,1428,4,"q8_0_quantize_f32",1428,3473102961602,3473102965002,0,0,24,0,128,32,1,1,65600,1,1
"KERNEL_DISPATCH","Agent 1",2,6,89862,1429,4,"q8_0_quantize_f32",1429,3473102968842,3473102972202,0,0,24,0,128,32,1,1,65600,1,1
"KERNEL_DISPATCH","Agent 1",2,6,89862,1430,4,"q8_0_quantize_f32",1430,3473102982642,3473102986122,0,0,24,0,128,32,1,1,65792,1,1
"KERNEL_DISPATCH","Agent 1",2,6,89862,1431,4,"q8_0_quantize_f32",1431,3473102989882,3473102993282,0,0,24,0,128,32,1,1,65792,1,1
"KERNEL_DISPATCH","Agent 1",2,6,89862,1432,4,"q8_0_quantize_f32",1432,3473102997283,3473103000683,0,0,24,0,128,32,1,1,65792,1,1
"KERNEL_DISPATCH","Agent 1",2,6,89862,1433,4,"q8_0_quantize_f32",1433,3473103004403,3473103007803,0,0,24,0,128,32,1,1,65792,1,1
"KERNEL_DISPATCH","Agent 1",2,6,89862,1434,4,"q8_0_quantize_f32",1434,3473103011523,3473103014923,0,0,24,0,128,32,1,1,65792,1,1
"KERNEL_DISPATCH","Agent 1",2,6,89862,1435,4,"q8_0_quantize_f32",1435,3473103018723,3473103022163,0,0,24,0,128,32,1,1,65792,1,1
"KERNEL_DISPATCH","Agent 1",2,6,89862,1436,4,"q8_0_quantize_f32",1436,3473103026243,3473103029643,0,0,24,0,128,32,1,1,65792,1,1
"KERNEL_DISPATCH","Agent 1",2,6,89862,1437,4,"q8_0_quantize_f32",1437,3473103033363,3473103036683,0,0,24,0,128,32,1,1,65792,1,1
"KERNEL_DISPATCH","Agent 1",2,6,89862,1438,4,"q8_0_quantize_f32",1438,3473103040523,3473103043923,0,0,24,0,128,32,1,1,65792,1,1
"KERNEL_DISPATCH","Agent 1",2,6,89862,1439,4,"q8_0_quantize_f32",1439,3473103047763,3473103051083,0,0,24,0,128,32,1,1,65792,1,1
"KERNEL_DISPATCH","Agent 1",2,6,89862,1440,4,"q8_0_quantize_f32",1440,3473103061643,3473103065163,0,0,24,0,128,32,1,1,67616,1,1
"KERNEL_DISPATCH","Agent 1",2,6,89862,1441,4,"q8_0_quantize_f32",1441,3473103068963,3473103072363,0,0,24,0,128,32,1,1,67616,1,1
"KERNEL_DISPATCH","Agent 1",2,6,89862,1442,4,"q8_0_quantize_f32",1442,3473103076163,3473103079523,0,0,24,0,128,32,1,1,67616,1,1
"KERNEL_DISPATCH","Agent 1",2,6,89862,1443,4,"q8_0_quantize_f32",1443,3473103083324,3473103086684,0,0,24,0,128,32,1,1,67616,1,1
"KERNEL_DISPATCH","Agent 1",2,6,89862,1444,4,"q8_0_quantize_f32",1444,3473103090484,3473103093924,0,0,24,0,128,32,1,1,67616,1,1
"KERNEL_DISPATCH","Agent 1",2,6,89862,1445,4,"q8_0_quantize_f32",1445,3473103097644,3473103101084,0,0,24,0,128,32,1,1,67616,1,1
"KERNEL_DISPATCH","Agent 1",2,6,89862,1446,4,"q8_0_quantize_f32",1446,3473103104884,3473103108244,0,0,24,0,128,32,1,1,67616,1,1
"KERNEL_DISPATCH","Agent 1",2,6,89862,1447,4,"q8_0_quantize_f32",1447,3473103111924,3473103115324,0,0,24,0,128,32,1,1,67616,1,1
"KERNEL_DISPATCH","Agent 1",2,6,89862,1448,4,"q8_0_quantize_f32",1448,3473103119124,3473103122524,0,0,24,0,128,32,1,1,67616,1,1
"KERNEL_DISPATCH","Agent 1",2,6,89862,1449,4,"q8_0_quantize_f32",1449,3473103126604,3473103129964,0,0,24,0,128,32,1,1,67616,1,1
"KERNEL_DISPATCH","Agent 1",2,6,89862,1450,4,"q8_0_quantize_f32",1450,3473103140564,3473103144044,0,0,24,0,128,32,1,1,65568,1,1
"KERNEL_DISPATCH","Agent 1",2,6,89862,1451,4,"q8_0_quantize_f32",1451,3473103147884,3473103151284,0,0,24,0,128,32,1,1,65568,1,1
"KERNEL_DISPATCH","Agent 1",2,6,89862,1452,4,"q8_0_quantize_f32",1452,3473103155084,3473103158484,0,0,24,0,128,32,1,1,65568,1,1
"KERNEL_DISPATCH","Agent 1",2,6,89862,1453,4,"q8_0_quantize_f32",1453,3473103162244,3473103165644,0,0,24,0,128,32,1,1,65568,1,1
"KERNEL_DISPATCH","Agent 1",2,6,89862,1454,4,"q8_0_quantize_f32",1454,3473103169445,3473103172845,0,0,24,0,128,32,1,1,65568,1,1
"KERNEL_DISPATCH","Agent 1",2,6,89862,1455,4,"q8_0_quantize_f32",1455,3473103176605,3473103180005,0,0,24,0,128,32,1,1,65568,1,1
"KERNEL_DISPATCH","Agent 1",2,6,89862,1456,4,"q8_0_quantize_f32",1456,3473103183765,3473103187165,0,0,24,0,128,32,1,1,65568,1,1
"KERNEL_DISPATCH","Agent 1",2,6,89862,1457,4,"q8_0_quantize_f32",1457,3473103191005,3473103194405,0,0,24,0,128,32,1,1,65568,1,1
"KERNEL_DISPATCH","Agent 1",2,6,89862,1458,4,"q8_0_quantize_f32",1458,3473103198205,3473103201605,0,0,24,0,128,32,1,1,65568,1,1
"KERNEL_DISPATCH","Agent 1",2,6,89862,1459,4,"q8_0_quantize_f32",1459,3473103205325,3473103208725,0,0,24,0,128,32,1,1,65568,1,1
"KERNEL_DISPATCH","Agent 1",2,6,89862,1460,4,"q8_0_quantize_f32",1460,3473103218765,3473103222205,0,0,24,0,128,32,1,1,65600,1,1
"KERNEL_DISPATCH","Agent 1",2,6,89862,1461,4,"q8_0_quantize_f32",1461,3473103226045,3473103229405,0,0,24,0,128,32,1,1,65600,1,1
"KERNEL_DISPATCH","Agent 1",2,6,89862,1462,4,"q8_0_quantize_f32",1462,3473103233245,3473103236605,0,0,24,0,128,32,1,1,65600,1,1
"KERNEL_DISPATCH","Agent 1",2,6,89862,1463,4,"q8_0_quantize_f32",1463,3473103240405,3473103243765,0,0,24,0,128,32,1,1,65600,1,1
"KERNEL_DISPATCH","Agent 1",2,6,89862,1464,4,"q8_0_quantize_f32",1464,3473103247565,3473103250885,0,0,24,0,128,32,1,1,65600,1,1
"KERNEL_DISPATCH","Agent 1",2,6,89862,1465,4,"q8_0_quantize_f32",1465,3473103254766,3473103258126,0,0,24,0,128,32,1,1,65600,1,1
"KERNEL_DISPATCH","Agent 1",2,6,89862,1466,4,"q8_0_quantize_f32",1466,3473103261966,3473103265326,0,0,24,0,128,32,1,1,65600,1,1
"KERNEL_DISPATCH","Agent 1",2,6,89862,1467,4,"q8_0_quantize_f32",1467,3473103269166,3473103272566,0,0,24,0,128,32,1,1,65600,1,1
"KERNEL_DISPATCH","Agent 1",2,6,89862,1468,4,"q8_0_quantize_f32",1468,3473103276406,3473103279846,0,0,24,0,128,32,1,1,65600,1,1
"KERNEL_DISPATCH","Agent 1",2,6,89862,1469,4,"q8_0_quantize_f32",1469,3473103283566,3473103286926,0,0,24,0,128,32,1,1,65600,1,1
"KERNEL_DISPATCH","Agent 1",2,6,89862,1470,4,"q8_0_quantize_f32",1470,3473103297246,3473103300726,0,0,24,0,128,32,1,1,65792,1,1
"KERNEL_DISPATCH","Agent 1",2,6,89862,1471,4,"q8_0_quantize_f32",1471,3473103304566,3473103308446,0,0,24,0,128,32,1,1,65792,1,1
"KERNEL_DISPATCH","Agent 1",2,6,89862,1472,4,"q8_0_quantize_f32",1472,3473103312206,3473103315606,0,0,24,0,128,32,1,1,65792,1,1
"KERNEL_DISPATCH","Agent 1",2,6,89862,1473,4,"q8_0_quantize_f32",1473,3473103319446,3473103322806,0,0,24,0,128,32,1,1,65792,1,1
"KERNEL_DISPATCH","Agent 1",2,6,89862,1474,4,"q8_0_quantize_f32",1474,3473103326526,3473103329886,0,0,24,0,128,32,1,1,65792,1,1
"KERNEL_DISPATCH","Agent 1",2,6,89862,1475,4,"q8_0_quantize_f32",1475,3473103333726,3473103337126,0,0,24,0,128,32,1,1,65792,1,1
"KERNEL_DISPATCH","Agent 1",2,6,89862,1476,4,"q8_0_quantize_f32",1476,3473103340967,3473103344367,0,0,24,0,128,32,1,1,65792,1,1
"KERNEL_DISPATCH","Agent 1",2,6,89862,1477,4,"q8_0_quantize_f32",1477,3473103348207,3473103351607,0,0,24,0,128,32,1,1,65792,1,1
"KERNEL_DISPATCH","Agent 1",2,6,89862,1478,4,"q8_0_quantize_f32",1478,3473103355447,3473103358807,0,0,24,0,128,32,1,1,65792,1,1
"KERNEL_DISPATCH","Agent 1",2,6,89862,1479,4,"q8_0_quantize_f32",1479,3473103362567,3473103366007,0,0,24,0,128,32,1,1,65792,1,1
"KERNEL_DISPATCH","Agent 1",2,6,89862,1480,4,"q8_0_quantize_f32",1480,3473103376247,3473103379727,0,0,24,0,128,32,1,1,67616,1,1
"KERNEL_DISPATCH","Agent 1",2,6,89862,1481,4,"q8_0_quantize_f32",1481,3473103383567,3473103386967,0,0,24,0,128,32,1,1,67616,1,1
"KERNEL_DISPATCH","Agent 1",2,6,89862,1482,4,"q8_0_quantize_f32",1482,3473103390647,3473103394047,0,0,24,0,128,32,1,1,67616,1,1
"KERNEL_DISPATCH","Agent 1",2,6,89862,1483,4,"q8_0_quantize_f32",1483,3473103397887,3473103401287,0,0,24,0,128,32,1,1,67616,1,1
"KERNEL_DISPATCH","Agent 1",2,6,89862,1484,4,"q8_0_quantize_f32",1484,3473103405127,3473103408487,0,0,24,0,128,32,1,1,67616,1,1
"KERNEL_DISPATCH","Agent 1",2,6,89862,1485,4,"q8_0_quantize_f32",1485,3473103412327,3473103415687,0,0,24,0,128,32,1,1,67616,1,1
"KERNEL_DISPATCH","Agent 1",2,6,89862,1486,4,"q8_0_quantize_f32",1486,3473103419447,3473103422807,0,0,24,0,128,32,1,1,67616,1,1
"KERNEL_DISPATCH","Agent 1",2,6,89862,1487,4,"q8_0_quantize_f32",1487,3473103426687,3473103430048,0,0,24,0,128,32,1,1,67616,1,1
"KERNEL_DISPATCH","Agent 1",2,6,89862,1488,4,"q8_0_quantize_f32",1488,3473103433888,3473103437248,0,0,24,0,128,32,1,1,67616,1,1
"KERNEL_DISPATCH","Agent 1",2,6,89862,1489,4,"q8_0_quantize_f32",1489,3473103441088,3473103444488,0,0,24,0,128,32,1,1,67616,1,1
"KERNEL_DISPATCH","Agent 1",2,6,89862,1490,4,"q8_0_quantize_f32",1490,3473103485288,3473103488768,0,0,24,0,128,32,1,1,65568,1,1
"KERNEL_DISPATCH","Agent 1",2,6,89862,1491,4,"q8_0_quantize_f32",1491,3473103492568,3473103496008,0,0,24,0,128,32,1,1,65568,1,1
"KERNEL_DISPATCH","Agent 1",2,6,89862,1492,4,"q8_0_quantize_f32",1492,3473103499808,3473103503208,0,0,24,0,128,32,1,1,65568,1,1
"KERNEL_DISPATCH","Agent 1",2,6,89862,1493,4,"q8_0_quantize_f32",1493,3473103507048,3473103510448,0,0,24,0,128,32,1,1,65568,1,1
"KERNEL_DISPATCH","Agent 1",2,6,89862,1494,4,"q8_0_quantize_f32",1494,3473103514249,3473103517609,0,0,24,0,128,32,1,1,65568,1,1
"KERNEL_DISPATCH","Agent 1",2,6,89862,1495,4,"q8_0_quantize_f32",1495,3473103521369,3473103524769,0,0,24,0,128,32,1,1,65568,1,1
"KERNEL_DISPATCH","Agent 1",2,6,89862,1496,4,"q8_0_quantize_f32",1496,3473103528609,3473103531969,0,0,24,0,128,32,1,1,65568,1,1
"KERNEL_DISPATCH","Agent 1",2,6,89862,1497,4,"q8_0_quantize_f32",1497,3473103535849,3473103539249,0,0,24,0,128,32,1,1,65568,1,1
"KERNEL_DISPATCH","Agent 1",2,6,89862,1498,4,"q8_0_quantize_f32",1498,3473103543089,3473103546489,0,0,24,0,128,32,1,1,65568,1,1
"KERNEL_DISPATCH","Agent 1",2,6,89862,1499,4,"q8_0_quantize_f32",1499,3473103550249,3473103553689,0,0,24,0,128,32,1,1,65568,1,1
"KERNEL_DISPATCH","Agent 1",2,6,89862,1500,4,"q8_0_quantize_f32",1500,3473103595239,3473103598679,0,0,24,0,128,32,1,1,65600,1,1
"KERNEL_DISPATCH","Agent 1",2,6,89862,1501,4,"q8_0_quantize_f32",1501,3473103602440,3473103606240,0,0,24,0,128,32,1,1,65600,1,1
"KERNEL_DISPATCH","Agent 1",2,6,89862,1502,4,"q8_0_quantize_f32",1502,3473103609960,3473103613400,0,0,24,0,128,32,1,1,65600,1,1
"KERNEL_DISPATCH","Agent 1",2,6,89862,1503,4,"q8_0_quantize_f32",1503,3473103617240,3473103620640,0,0,24,0,128,32,1,1,65600,1,1
"KERNEL_DISPATCH","Agent 1",2,6,89862,1504,4,"q8_0_quantize_f32",1504,3473103624520,3473103627920,0,0,24,0,128,32,1,1,65600,1,1
"KERNEL_DISPATCH","Agent 1",2,6,89862,1505,4,"q8_0_quantize_f32",1505,3473103631760,3473103635160,0,0,24,0,128,32,1,1,65600,1,1
"KERNEL_DISPATCH","Agent 1",2,6,89862,1506,4,"q8_0_quantize_f32",1506,3473103638920,3473103642360,0,0,24,0,128,32,1,1,65600,1,1
"KERNEL_DISPATCH","Agent 1",2,6,89862,1507,4,"q8_0_quantize_f32",1507,3473103646200,3473103649560,0,0,24,0,128,32,1,1,65600,1,1
"KERNEL_DISPATCH","Agent 1",2,6,89862,1508,4,"q8_0_quantize_f32",1508,3473103653400,3473103656840,0,0,24,0,128,32,1,1,65600,1,1
"KERNEL_DISPATCH","Agent 1",2,6,89862,1509,4,"q8_0_quantize_f32",1509,3473103660680,3473103664080,0,0,24,0,128,32,1,1,65600,1,1
"KERNEL_DISPATCH","Agent 1",2,6,89862,1510,4,"q8_0_quantize_f32",1510,3473103702491,3473103706411,0,0,24,0,128,32,1,1,65792,1,1
"KERNEL_DISPATCH","Agent 1",2,6,89862,1511,4,"q8_0_quantize_f32",1511,3473103710131,3473103713531,0,0,24,0,128,32,1,1,65792,1,1
"KERNEL_DISPATCH","Agent 1",2,6,89862,1512,4,"q8_0_quantize_f32",1512,3473103717331,3473103720651,0,0,24,0,128,32,1,1,65792,1,1
"KERNEL_DISPATCH","Agent 1",2,6,89862,1513,4,"q8_0_quantize_f32",1513,3473103724571,3473103727971,0,0,24,0,128,32,1,1,65792,1,1
"KERNEL_DISPATCH","Agent 1",2,6,89862,1514,4,"q8_0_quantize_f32",1514,3473103731811,3473103735251,0,0,24,0,128,32,1,1,65792,1,1
"KERNEL_DISPATCH","Agent 1",2,6,89862,1515,4,"q8_0_quantize_f32",1515,3473103739011,3473103742411,0,0,24,0,128,32,1,1,65792,1,1
"KERNEL_DISPATCH","Agent 1",2,6,89862,1516,4,"q8_0_quantize_f32",1516,3473103746331,3473103749691,0,0,24,0,128,32,1,1,65792,1,1
"KERNEL_DISPATCH","Agent 1",2,6,89862,1517,4,"q8_0_quantize_f32",1517,3473103753531,3473103756931,0,0,24,0,128,32,1,1,65792,1,1
"KERNEL_DISPATCH","Agent 1",2,6,89862,1518,4,"q8_0_quantize_f32",1518,3473103760771,3473103764211,0,0,24,0,128,32,1,1,65792,1,1
"KERNEL_DISPATCH","Agent 1",2,6,89862,1519,4,"q8_0_quantize_f32",1519,3473103767971,3473103771331,0,0,24,0,128,32,1,1,65792,1,1
"KERNEL_DISPATCH","Agent 1",2,6,89862,1520,4,"q8_0_quantize_f32",1520,3473103809982,3473103813422,0,0,24,0,128,32,1,1,67616,1,1
"KERNEL_DISPATCH","Agent 1",2,6,89862,1521,4,"q8_0_quantize_f32",1521,3473103817222,3473103821062,0,0,24,0,128,32,1,1,67616,1,1
"KERNEL_DISPATCH","Agent 1",2,6,89862,1522,4,"q8_0_quantize_f32",1522,3473103824782,3473103828182,0,0,24,0,128,32,1,1,67616,1,1
"KERNEL_DISPATCH","Agent 1",2,6,89862,1523,4,"q8_0_quantize_f32",1523,3473103832022,3473103835462,0,0,24,0,128,32,1,1,67616,1,1
"KERNEL_DISPATCH","Agent 1",2,6,89862,1524,4,"q8_0_quantize_f32",1524,3473103839302,3473103842702,0,0,24,0,128,32,1,1,67616,1,1
"KERNEL_DISPATCH","Agent 1",2,6,89862,1525,4,"q8_0_quantize_f32",1525,3473103846542,3473103849862,0,0,24,0,128,32,1,1,67616,1,1
"KERNEL_DISPATCH","Agent 1",2,6,89862,1526,4,"q8_0_quantize_f32",1526,3473103853622,3473103857022,0,0,24,0,128,32,1,1,67616,1,1
"KERNEL_DISPATCH","Agent 1",2,6,89862,1527,4,"q8_0_quantize_f32",1527,3473103860903,3473103864343,0,0,24,0,128,32,1,1,67616,1,1
"KERNEL_DISPATCH","Agent 1",2,6,89862,1528,4,"q8_0_quantize_f32",1528,3473103868183,3473103871503,0,0,24,0,128,32,1,1,67616,1,1
"KERNEL_DISPATCH","Agent 1",2,6,89862,1529,4,"q8_0_quantize_f32",1529,3473103875343,3473103878663,0,0,24,0,128,32,1,1,67616,1,1
"KERNEL_DISPATCH","Agent 1",2,6,89862,1530,4,"q8_0_quantize_f32",1530,3473103916943,3473103920423,0,0,24,0,128,32,1,1,65600,1,1
"KERNEL_DISPATCH","Agent 1",2,6,89862,1531,4,"q8_0_quantize_f32",1531,3473103924223,3473103927623,0,0,24,0,128,32,1,1,65600,1,1
"KERNEL_DISPATCH","Agent 1",2,6,89862,1532,4,"q8_0_quantize_f32",1532,3473103931383,3473103934783,0,0,24,0,128,32,1,1,65600,1,1
"KERNEL_DISPATCH","Agent 1",2,6,89862,1533,4,"q8_0_quantize_f32",1533,3473103938583,3473103941983,0,0,24,0,128,32,1,1,65600,1,1
"KERNEL_DISPATCH","Agent 1",2,6,89862,1534,4,"q8_0_quantize_f32",1534,3473103945903,3473103949304,0,0,24,0,128,32,1,1,65600,1,1
"KERNEL_DISPATCH","Agent 1",2,6,89862,1535,4,"q8_0_quantize_f32",1535,3473103953064,3473103956464,0,0,24,0,128,32,1,1,65600,1,1
"KERNEL_DISPATCH","Agent 1",2,6,89862,1536,4,"q8_0_quantize_f32",1536,3473103960304,3473103963664,0,0,24,0,128,32,1,1,65600,1,1
"KERNEL_DISPATCH","Agent 1",2,6,89862,1537,4,"q8_0_quantize_f32",1537,3473103967544,3473103970944,0,0,24,0,128,32,1,1,65600,1,1
"KERNEL_DISPATCH","Agent 1",2,6,89862,1538,4,"q8_0_quantize_f32",1538,3473103974784,3473103978104,0,0,24,0,128,32,1,1,65600,1,1
"KERNEL_DISPATCH","Agent 1",2,6,89862,1539,4,"q8_0_quantize_f32",1539,3473103981864,3473103985264,0,0,24,0,128,32,1,1,65600,1,1
"KERNEL_DISPATCH","Agent 1",2,6,89862,1540,4,"q8_0_quantize_f32",1540,3473104026184,3473104029624,0,0,24,0,128,32,1,1,65792,1,1
"KERNEL_DISPATCH","Agent 1",2,6,89862,1541,4,"q8_0_quantize_f32",1541,3473104033344,3473104037225,0,0,24,0,128,32,1,1,65792,1,1
"KERNEL_DISPATCH","Agent 1",2,6,89862,1542,4,"q8_0_quantize_f32",1542,3473104040905,3473104044345,0,0,24,0,128,32,1,1,65792,1,1
"KERNEL_DISPATCH","Agent 1",2,6,89862,1543,4,"q8_0_quantize_f32",1543,3473104048185,3473104051585,0,0,24,0,128,32,1,1,65792,1,1
"KERNEL_DISPATCH","Agent 1",2,6,89862,1544,4,"q8_0_quantize_f32",1544,3473104055745,3473104059145,0,0,24,0,128,32,1,1,65792,1,1
"KERNEL_DISPATCH","Agent 1",2,6,89862,1545,4,"q8_0_quantize_f32",1545,3473104062945,3473104066345,0,0,24,0,128,32,1,1,65792,1,1
"KERNEL_DISPATCH","Agent 1",2,6,89862,1546,4,"q8_0_quantize_f32",1546,3473104070105,3473104073465,0,0,24,0,128,32,1,1,65792,1,1
"KERNEL_DISPATCH","Agent 1",2,6,89862,1547,4,"q8_0_quantize_f32",1547,3473104077305,3473104080625,0,0,24,0,128,32,1,1,65792,1,1
"KERNEL_DISPATCH","Agent 1",2,6,89862,1548,4,"q8_0_quantize_f32",1548,3473104084425,3473104087785,0,0,24,0,128,32,1,1,65792,1,1
"KERNEL_DISPATCH","Agent 1",2,6,89862,1549,4,"q8_0_quantize_f32",1549,3473104091585,3473104094945,0,0,24,0,128,32,1,1,65792,1,1
"KERNEL_DISPATCH","Agent 1",2,6,89862,1550,4,"q8_0_quantize_f32",1550,3473104133366,3473104136806,0,0,24,0,128,32,1,1,67616,1,1
"KERNEL_DISPATCH","Agent 1",2,6,89862,1551,4,"q8_0_quantize_f32",1551,3473104140486,3473104143886,0,0,24,0,128,32,1,1,67616,1,1
"KERNEL_DISPATCH","Agent 1",2,6,89862,1552,4,"q8_0_quantize_f32",1552,3473104147686,3473104151086,0,0,24,0,128,32,1,1,67616,1,1
"KERNEL_DISPATCH","Agent 1",2,6,89862,1553,4,"q8_0_quantize_f32",1553,3473104154926,3473104158286,0,0,24,0,128,32,1,1,67616,1,1
"KERNEL_DISPATCH","Agent 1",2,6,89862,1554,4,"q8_0_quantize_f32",1554,3473104162086,3473104165486,0,0,24,0,128,32,1,1,67616,1,1
"KERNEL_DISPATCH","Agent 1",2,6,89862,1555,4,"q8_0_quantize_f32",1555,3473104169246,3473104172726,0,0,24,0,128,32,1,1,67616,1,1
"KERNEL_DISPATCH","Agent 1",2,6,89862,1556,4,"q8_0_quantize_f32",1556,3473104176566,3473104179886,0,0,24,0,128,32,1,1,67616,1,1
"KERNEL_DISPATCH","Agent 1",2,6,89862,1557,4,"q8_0_quantize_f32",1557,3473104183766,3473104187206,0,0,24,0,128,32,1,1,67616,1,1
"KERNEL_DISPATCH","Agent 1",2,6,89862,1558,4,"q8_0_quantize_f32",1558,3473104191046,3473104194446,0,0,24,0,128,32,1,1,67616,1,1
"KERNEL_DISPATCH","Agent 1",2,6,89862,1559,4,"q8_0_quantize_f32",1559,3473104198206,3473104201646,0,0,24,0,128,32,1,1,67616,1,1
"KERNEL_DISPATCH","Agent 1",2,6,89862,1560,4,"q8_0_quantize_f32",1560,3473104239517,3473104243037,0,0,24,0,128,32,1,1,65568,1,1
"KERNEL_DISPATCH","Agent 1",2,6,89862,1561,4,"q8_0_quantize_f32",1561,3473104246797,3473104250157,0,0,24,0,128,32,1,1,65568,1,1
"KERNEL_DISPATCH","Agent 1",2,6,89862,1562,4,"q8_0_quantize_f32",1562,3473104253837,3473104257277,0,0,24,0,128,32,1,1,65568,1,1
"KERNEL_DISPATCH","Agent 1",2,6,89862,1563,4,"q8_0_quantize_f32",1563,3473104261117,3473104264517,0,0,24,0,128,32,1,1,65568,1,1
"KERNEL_DISPATCH","Agent 1",2,6,89862,1564,4,"q8_0_quantize_f32",1564,3473104268357,3473104271757,0,0,24,0,128,32,1,1,65568,1,1
"KERNEL_DISPATCH","Agent 1",2,6,89862,1565,4,"q8_0_quantize_f32",1565,3473104275597,3473104279037,0,0,24,0,128,32,1,1,65568,1,1
"KERNEL_DISPATCH","Agent 1",2,6,89862,1566,4,"q8_0_quantize_f32",1566,3473104282837,3473104286277,0,0,24,0,128,32,1,1,65568,1,1
"KERNEL_DISPATCH","Agent 1",2,6,89862,1567,4,"q8_0_quantize_f32",1567,3473104290117,3473104293517,0,0,24,0,128,32,1,1,65568,1,1
"KERNEL_DISPATCH","Agent 1",2,6,89862,1568,4,"q8_0_quantize_f32",1568,3473104297358,3473104300758,0,0,24,0,128,32,1,1,65568,1,1
"KERNEL_DISPATCH","Agent 1",2,6,89862,1569,4,"q8_0_quantize_f32",1569,3473104304558,3473104307958,0,0,24,0,128,32,1,1,65568,1,1
"KERNEL_DISPATCH","Agent 1",2,6,89862,1570,4,"q8_0_quantize_f32",1570,3473104346488,3473104350568,0,0,24,0,128,32,1,1,65792,1,1
"KERNEL_DISPATCH","Agent 1",2,6,89862,1571,4,"q8_0_quantize_f32",1571,3473104354368,3473104357768,0,0,24,0,128,32,1,1,65792,1,1
"KERNEL_DISPATCH","Agent 1",2,6,89862,1572,4,"q8_0_quantize_f32",1572,3473104361608,3473104364968,0,0,24,0,128,32,1,1,65792,1,1
"KERNEL_DISPATCH","Agent 1",2,6,89862,1573,4,"q8_0_quantize_f32",1573,3473104368808,3473104372168,0,0,24,0,128,32,1,1,65792,1,1
"KERNEL_DISPATCH","Agent 1",2,6,89862,1574,4,"q8_0_quantize_f32",1574,3473104376048,3473104379408,0,0,24,0,128,32,1,1,65792,1,1
"KERNEL_DISPATCH","Agent 1",2,6,89862,1575,4,"q8_0_quantize_f32",1575,3473104383169,3473104386609,0,0,24,0,128,32,1,1,65792,1,1
"KERNEL_DISPATCH","Agent 1",2,6,89862,1576,4,"q8_0_quantize_f32",1576,3473104390449,3473104393809,0,0,24,0,128,32,1,1,65792,1,1
"KERNEL_DISPATCH","Agent 1",2,6,89862,1577,4,"q8_0_quantize_f32",1577,3473104397649,3473104401009,0,0,24,0,128,32,1,1,65792,1,1
"KERNEL_DISPATCH","Agent 1",2,6,89862,1578,4,"q8_0_quantize_f32",1578,3473104404889,3473104408249,0,0,24,0,128,32,1,1,65792,1,1
"KERNEL_DISPATCH","Agent 1",2,6,89862,1579,4,"q8_0_quantize_f32",1579,3473104412049,3473104415449,0,0,24,0,128,32,1,1,65792,1,1
"KERNEL_DISPATCH","Agent 1",2,6,89862,1580,4,"q8_0_quantize_f32",1580,3473104453939,3473104457419,0,0,24,0,128,32,1,1,67616,1,1
"KERNEL_DISPATCH","Agent 1",2,6,89862,1581,4,"q8_0_quantize_f32",1581,3473104461219,3473104464699,0,0,24,0,128,32,1,1,67616,1,1
"KERNEL_DISPATCH","Agent 1",2,6,89862,1582,4,"q8_0_quantize_f32",1582,3473104468460,3473104471860,0,0,24,0,128,32,1,1,67616,1,1
"KERNEL_DISPATCH","Agent 1",2,6,89862,1583,4,"q8_0_quantize_f32",1583,3473104475740,3473104479140,0,0,24,0,128,32,1,1,67616,1,1
"KERNEL_DISPATCH","Agent 1",2,6,89862,1584,4,"q8_0_quantize_f32",1584,3473104483020,3473104486420,0,0,24,0,128,32,1,1,67616,1,1
"KERNEL_DISPATCH","Agent 1",2,6,89862,1585,4,"q8_0_quantize_f32",1585,3473104490220,3473104493620,0,0,24,0,128,32,1,1,67616,1,1
"KERNEL_DISPATCH","Agent 1",2,6,89862,1586,4,"q8_0_quantize_f32",1586,3473104497380,3473104500820,0,0,24,0,128,32,1,1,67616,1,1
"KERNEL_DISPATCH","Agent 1",2,6,89862,1587,4,"q8_0_quantize_f32",1587,3473104504660,3473104508020,0,0,24,0,128,32,1,1,67616,1,1
"KERNEL_DISPATCH","Agent 1",2,6,89862,1588,4,"q8_0_quantize_f32",1588,3473104511940,3473104515300,0,0,24,0,128,32,1,1,67616,1,1
"KERNEL_DISPATCH","Agent 1",2,6,89862,1589,4,"q8_0_quantize_f32",1589,3473104519140,3473104522540,0,0,24,0,128,32,1,1,67616,1,1
"KERNEL_DISPATCH","Agent 1",2,6,89862,1590,4,"q8_0_quantize_f32",1590,3473104560321,3473104563761,0,0,24,0,128,32,1,1,65568,1,1
"KERNEL_DISPATCH","Agent 1",2,6,89862,1591,4,"q8_0_quantize_f32",1591,3473104567481,3473104571361,0,0,24,0,128,32,1,1,65568,1,1
"KERNEL_DISPATCH","Agent 1",2,6,89862,1592,4,"q8_0_quantize_f32",1592,3473104575161,3473104578601,0,0,24,0,128,32,1,1,65568,1,1
"KERNEL_DISPATCH","Agent 1",2,6,89862,1593,4,"q8_0_quantize_f32",1593,3473104582681,3473104586081,0,0,24,0,128,32,1,1,65568,1,1
"KERNEL_DISPATCH","Agent 1",2,6,89862,1594,4,"q8_0_quantize_f32",1594,3473104589921,3473104593321,0,0,24,0,128,32,1,1,65568,1,1
"KERNEL_DISPATCH","Agent 1",2,6,89862,1595,4,"q8_0_quantize_f32",1595,3473104597081,3473104600561,0,0,24,0,128,32,1,1,65568,1,1
"KERNEL_DISPATCH","Agent 1",2,6,89862,1596,4,"q8_0_quantize_f32",1596,3473104604441,3473104607881,0,0,24,0,128,32,1,1,65568,1,1
"KERNEL_DISPATCH","Agent 1",2,6,89862,1597,4,"q8_0_quantize_f32",1597,3473104611721,3473104615121,0,0,24,0,128,32,1,1,65568,1,1
"KERNEL_DISPATCH","Agent 1",2,6,89862,1598,4,"q8_0_quantize_f32",1598,3473104618961,3473104622401,0,0,24,0,128,32,1,1,65568,1,1
"KERNEL_DISPATCH","Agent 1",2,6,89862,1599,4,"q8_0_quantize_f32",1599,3473104626121,3473104629601,0,0,24,0,128,32,1,1,65568,1,1
"KERNEL_DISPATCH","Agent 1",2,6,89862,1600,4,"q8_0_quantize_f32",1600,3473104667372,3473104670812,0,0,24,0,128,32,1,1,65600,1,1
"KERNEL_DISPATCH","Agent 1",2,6,89862,1601,4,"q8_0_quantize_f32",1601,3473104674612,3473104678332,0,0,24,0,128,32,1,1,65600,1,1
"KERNEL_DISPATCH","Agent 1",2,6,89862,1602,4,"q8_0_quantize_f32",1602,3473104682092,3473104685492,0,0,24,0,128,32,1,1,65600,1,1
"KERNEL_DISPATCH","Agent 1",2,6,89862,1603,4,"q8_0_quantize_f32",1603,3473104689412,3473104692772,0,0,24,0,128,32,1,1,65600,1,1
"KERNEL_DISPATCH","Agent 1",2,6,89862,1604,4,"q8_0_quantize_f32",1604,3473104696572,3473104699972,0,0,24,0,128,32,1,1,65600,1,1
"KERNEL_DISPATCH","Agent 1",2,6,89862,1605,4,"q8_0_quantize_f32",1605,3473104703852,3473104707252,0,0,24,0,128,32,1,1,65600,1,1
"KERNEL_DISPATCH","Agent 1",2,6,89862,1606,4,"q8_0_quantize_f32",1606,3473104710972,3473104714412,0,0,24,0,128,32,1,1,65600,1,1
"KERNEL_DISPATCH","Agent 1",2,6,89862,1607,4,"q8_0_quantize_f32",1607,3473104718332,3473104721692,0,0,24,0,128,32,1,1,65600,1,1
"KERNEL_DISPATCH","Agent 1",2,6,89862,1608,4,"q8_0_quantize_f32",1608,3473104725532,3473104728973,0,0,24,0,128,32,1,1,65600,1,1
"KERNEL_DISPATCH","Agent 1",2,6,89862,1609,4,"q8_0_quantize_f32",1609,3473104732813,3473104736213,0,0,24,0,128,32,1,1,65600,1,1
"KERNEL_DISPATCH","Agent 1",2,6,89862,1610,4,"q8_0_quantize_f32",1610,3473104774213,3473104777693,0,0,24,0,128,32,1,1,67616,1,1
"KERNEL_DISPATCH","Agent 1",2,6,89862,1611,4,"q8_0_quantize_f32",1611,3473104781453,3473104784853,0,0,24,0,128,32,1,1,67616,1,1
"KERNEL_DISPATCH","Agent 1",2,6,89862,1612,4,"q8_0_quantize_f32",1612,3473104788653,3473104792093,0,0,24,0,128,32,1,1,67616,1,1
"KERNEL_DISPATCH","Agent 1",2,6,89862,1613,4,"q8_0_quantize_f32",1613,3473104795933,3473104799373,0,0,24,0,128,32,1,1,67616,1,1
"KERNEL_DISPATCH","Agent 1",2,6,89862,1614,4,"q8_0_quantize_f32",1614,3473104803213,3473104806613,0,0,24,0,128,32,1,1,67616,1,1
"KERNEL_DISPATCH","Agent 1",2,6,89862,1615,4,"q8_0_quantize_f32",1615,3473104810373,3473104813774,0,0,24,0,128,32,1,1,67616,1,1
"KERNEL_DISPATCH","Agent 1",2,6,89862,1616,4,"q8_0_quantize_f32",1616,3473104817614,3473104821014,0,0,24,0,128,32,1,1,67616,1,1
"KERNEL_DISPATCH","Agent 1",2,6,89862,1617,4,"q8_0_quantize_f32",1617,3473104824894,3473104828294,0,0,24,0,128,32,1,1,67616,1,1
"KERNEL_DISPATCH","Agent 1",2,6,89862,1618,4,"q8_0_quantize_f32",1618,3473104832134,3473104835574,0,0,24,0,128,32,1,1,67616,1,1
"KERNEL_DISPATCH","Agent 1",2,6,89862,1619,4,"q8_0_quantize_f32",1619,3473104839334,3473104842734,0,0,24,0,128,32,1,1,67616,1,1
"KERNEL_DISPATCH","Agent 1",2,6,89862,1620,4,"q8_0_quantize_f32",1620,3473104880494,3473104883934,0,0,24,0,128,32,1,1,65568,1,1
"KERNEL_DISPATCH","Agent 1",2,6,89862,1621,4,"q8_0_quantize_f32",1621,3473104887614,3473104891014,0,0,24,0,128,32,1,1,65568,1,1
"KERNEL_DISPATCH","Agent 1",2,6,89862,1622,4,"q8_0_quantize_f32",1622,3473104894814,3473104898254,0,0,24,0,128,32,1,1,65568,1,1
"KERNEL_DISPATCH","Agent 1",2,6,89862,1623,4,"q8_0_quantize_f32",1623,3473104902095,3473104905535,0,0,24,0,128,32,1,1,65568,1,1
"KERNEL_DISPATCH","Agent 1",2,6,89862,1624,4,"q8_0_quantize_f32",1624,3473104909375,3473104912735,0,0,24,0,128,32,1,1,65568,1,1
"KERNEL_DISPATCH","Agent 1",2,6,89862,1625,4,"q8_0_quantize_f32",1625,3473104916535,3473104919895,0,0,24,0,128,32,1,1,65568,1,1
"KERNEL_DISPATCH","Agent 1",2,6,89862,1626,4,"q8_0_quantize_f32",1626,3473104923655,3473104927095,0,0,24,0,128,32,1,1,65568,1,1
"KERNEL_DISPATCH","Agent 1",2,6,89862,1627,4,"q8_0_quantize_f32",1627,3473104930975,3473104934375,0,0,24,0,128,32,1,1,65568,1,1
"KERNEL_DISPATCH","Agent 1",2,6,89862,1628,4,"q8_0_quantize_f32",1628,3473104938255,3473104941695,0,0,24,0,128,32,1,1,65568,1,1
"KERNEL_DISPATCH","Agent 1",2,6,89862,1629,4,"q8_0_quantize_f32",1629,3473104945535,3473104948935,0,0,24,0,128,32,1,1,65568,1,1
"KERNEL_DISPATCH","Agent 1",2,6,89862,1630,4,"q8_0_quantize_f32",1630,3473104986725,3473104990286,0,0,24,0,128,32,1,1,65600,1,1
"KERNEL_DISPATCH","Agent 1",2,6,89862,1631,4,"q8_0_quantize_f32",1631,3473104994126,3473104997526,0,0,24,0,128,32,1,1,65600,1,1
"KERNEL_DISPATCH","Agent 1",2,6,89862,1632,4,"q8_0_quantize_f32",1632,3473105001486,3473105004966,0,0,24,0,128,32,1,1,65600,1,1
"KERNEL_DISPATCH","Agent 1",2,6,89862,1633,4,"q8_0_quantize_f32",1633,3473105008766,3473105012166,0,0,24,0,128,32,1,1,65600,1,1
"KERNEL_DISPATCH","Agent 1",2,6,89862,1634,4,"q8_0_quantize_f32",1634,3473105015966,3473105019406,0,0,24,0,128,32,1,1,65600,1,1
"KERNEL_DISPATCH","Agent 1",2,6,89862,1635,4,"q8_0_quantize_f32",1635,3473105023166,3473105026526,0,0,24,0,128,32,1,1,65600,1,1
"KERNEL_DISPATCH","Agent 1",2,6,89862,1636,4,"q8_0_quantize_f32",1636,3473105030406,3473105033806,0,0,24,0,128,32,1,1,65600,1,1
"KERNEL_DISPATCH","Agent 1",2,6,89862,1637,4,"q8_0_quantize_f32",1637,3473105037686,3473105041086,0,0,24,0,128,32,1,1,65600,1,1
"KERNEL_DISPATCH","Agent 1",2,6,89862,1638,4,"q8_0_quantize_f32",1638,3473105044966,3473105048366,0,0,24,0,128,32,1,1,65600,1,1
"KERNEL_DISPATCH","Agent 1",2,6,89862,1639,4,"q8_0_quantize_f32",1639,3473105052126,3473105055446,0,0,24,0,128,32,1,1,65600,1,1
"KERNEL_DISPATCH","Agent 1",2,6,89862,1640,4,"q8_0_quantize_f32",1640,3473105093267,3473105096747,0,0,24,0,128,32,1,1,65792,1,1
"KERNEL_DISPATCH","Agent 1",2,6,89862,1641,4,"q8_0_quantize_f32",1641,3473105100627,3473105104067,0,0,24,0,128,32,1,1,65792,1,1
"KERNEL_DISPATCH","Agent 1",2,6,89862,1642,4,"q8_0_quantize_f32",1642,3473105107827,3473105111267,0,0,24,0,128,32,1,1,65792,1,1
"KERNEL_DISPATCH","Agent 1",2,6,89862,1643,4,"q8_0_quantize_f32",1643,3473105115067,3473105118467,0,0,24,0,128,32,1,1,65792,1,1
"KERNEL_DISPATCH","Agent 1",2,6,89862,1644,4,"q8_0_quantize_f32",1644,3473105122347,3473105125707,0,0,24,0,128,32,1,1,65792,1,1
"KERNEL_DISPATCH","Agent 1",2,6,89862,1645,4,"q8_0_quantize_f32",1645,3473105129547,3473105132947,0,0,24,0,128,32,1,1,65792,1,1
"KERNEL_DISPATCH","Agent 1",2,6,89862,1646,4,"q8_0_quantize_f32",1646,3473105136707,3473105140187,0,0,24,0,128,32,1,1,65792,1,1
"KERNEL_DISPATCH","Agent 1",2,6,89862,1647,4,"q8_0_quantize_f32",1647,3473105144067,3473105147427,0,0,24,0,128,32,1,1,65792,1,1
"KERNEL_DISPATCH","Agent 1",2,6,89862,1648,4,"q8_0_quantize_f32",1648,3473105151267,3473105154667,0,0,24,0,128,32,1,1,65792,1,1
"KERNEL_DISPATCH","Agent 1",2,6,89862,1649,4,"q8_0_quantize_f32",1649,3473105158507,3473105161948,0,0,24,0,128,32,1,1,65792,1,1
"KERNEL_DISPATCH","Agent 1",2,6,89862,1650,4,"q8_0_quantize_f32",1650,3473105200178,3473105203698,0,0,24,0,128,32,1,1,65568,1,1
"KERNEL_DISPATCH","Agent 1",2,6,89862,1651,4,"q8_0_quantize_f32",1651,3473105207498,3473105211178,0,0,24,0,128,32,1,1,65568,1,1
"KERNEL_DISPATCH","Agent 1",2,6,89862,1652,4,"q8_0_quantize_f32",1652,3473105214938,3473105218338,0,0,24,0,128,32,1,1,65568,1,1
"KERNEL_DISPATCH","Agent 1",2,6,89862,1653,4,"q8_0_quantize_f32",1653,3473105222258,3473105225658,0,0,24,0,128,32,1,1,65568,1,1
"KERNEL_DISPATCH","Agent 1",2,6,89862,1654,4,"q8_0_quantize_f32",1654,3473105229538,3473105232938,0,0,24,0,128,32,1,1,65568,1,1
"KERNEL_DISPATCH","Agent 1",2,6,89862,1655,4,"q8_0_quantize_f32",1655,3473105236738,3473105240138,0,0,24,0,128,32,1,1,65568,1,1
"KERNEL_DISPATCH","Agent 1",2,6,89862,1656,4,"q8_0_quantize_f32",1656,3473105243978,3473105247419,0,0,24,0,128,32,1,1,65568,1,1
"KERNEL_DISPATCH","Agent 1",2,6,89862,1657,4,"q8_0_quantize_f32",1657,3473105251299,3473105254699,0,0,24,0,128,32,1,1,65568,1,1
"KERNEL_DISPATCH","Agent 1",2,6,89862,1658,4,"q8_0_quantize_f32",1658,3473105258539,3473105261979,0,0,24,0,128,32,1,1,65568,1,1
"KERNEL_DISPATCH","Agent 1",2,6,89862,1659,4,"q8_0_quantize_f32",1659,3473105265779,3473105269219,0,0,24,0,128,32,1,1,65568,1,1
"KERNEL_DISPATCH","Agent 1",2,6,89862,1660,4,"q8_0_quantize_f32",1660,3473105307679,3473105311159,0,0,24,0,128,32,1,1,65600,1,1
"KERNEL_DISPATCH","Agent 1",2,6,89862,1661,4,"q8_0_quantize_f32",1661,3473105314919,3473105318239,0,0,24,0,128,32,1,1,65600,1,1
"KERNEL_DISPATCH","Agent 1",2,6,89862,1662,4,"q8_0_quantize_f32",1662,3473105321999,3473105325439,0,0,24,0,128,32,1,1,65600,1,1
"KERNEL_DISPATCH","Agent 1",2,6,89862,1663,4,"q8_0_quantize_f32",1663,3473105329319,3473105332759,0,0,24,0,128,32,1,1,65600,1,1
"KERNEL_DISPATCH","Agent 1",2,6,89862,1664,4,"q8_0_quantize_f32",1664,3473105336640,3473105340080,0,0,24,0,128,32,1,1,65600,1,1
"KERNEL_DISPATCH","Agent 1",2,6,89862,1665,4,"q8_0_quantize_f32",1665,3473105343920,3473105347320,0,0,24,0,128,32,1,1,65600,1,1
"KERNEL_DISPATCH","Agent 1",2,6,89862,1666,4,"q8_0_quantize_f32",1666,3473105351120,3473105354520,0,0,24,0,128,32,1,1,65600,1,1
"KERNEL_DISPATCH","Agent 1",2,6,89862,1667,4,"q8_0_quantize_f32",1667,3473105358360,3473105361800,0,0,24,0,128,32,1,1,65600,1,1
"KERNEL_DISPATCH","Agent 1",2,6,89862,1668,4,"q8_0_quantize_f32",1668,3473105365640,3473105369120,0,0,24,0,128,32,1,1,65600,1,1
"KERNEL_DISPATCH","Agent 1",2,6,89862,1669,4,"q8_0_quantize_f32",1669,3473105372960,3473105376360,0,0,24,0,128,32,1,1,65600,1,1
"KERNEL_DISPATCH","Agent 1",2,6,89862,1670,4,"q8_0_quantize_f32",1670,3473105412880,3473105416360,0,0,24,0,128,32,1,1,65792,1,1
"KERNEL_DISPATCH","Agent 1",2,6,89862,1671,4,"q8_0_quantize_f32",1671,3473105420241,3473105423681,0,0,24,0,128,32,1,1,65792,1,1
"KERNEL_DISPATCH","Agent 1",2,6,89862,1679,4,"q8_0_quantize_f32",1679,3473105477241,3473105480641,0,0,24,0,128,32,1,1,65792,1,1
"KERNEL_DISPATCH","Agent 1",2,6,89862,1677,4,"q8_0_quantize_f32",1677,3473105463161,3473105466521,0,0,24,0,128,32,1,1,65792,1,1
"KERNEL_DISPATCH","Agent 1",2,6,89862,1676,4,"q8_0_quantize_f32",1676,3473105456001,3473105459441,0,0,24,0,128,32,1,1,65792,1,1
"KERNEL_DISPATCH","Agent 1",2,6,89862,1675,4,"q8_0_quantize_f32",1675,3473105448881,3473105452321,0,0,24,0,128,32,1,1,65792,1,1
"KERNEL_DISPATCH","Agent 1",2,6,89862,1674,4,"q8_0_quantize_f32",1674,3473105441841,3473105445241,0,0,24,0,128,32,1,1,65792,1,1
"KERNEL_DISPATCH","Agent 1",2,6,89862,1673,4,"q8_0_quantize_f32",1673,3473105434681,3473105438121,0,0,24,0,128,32,1,1,65792,1,1
"KERNEL_DISPATCH","Agent 1",2,6,89862,1672,4,"q8_0_quantize_f32",1672,3473105427481,3473105430961,0,0,24,0,128,32,1,1,65792,1,1
"KERNEL_DISPATCH","Agent 1",2,6,89862,1678,4,"q8_0_quantize_f32",1678,3473105470241,3473105473601,0,0,24,0,128,32,1,1,65792,1,1
"KERNEL_DISPATCH","Agent 1",2,6,89862,1680,4,"q8_0_quantize_f32",1680,3473105520782,3473105524262,0,0,24,0,128,32,1,1,67616,1,1
"KERNEL_DISPATCH","Agent 1",2,6,89862,1681,4,"q8_0_quantize_f32",1681,3473105528102,3473105531462,0,0,24,0,128,32,1,1,67616,1,1
"KERNEL_DISPATCH","Agent 1",2,6,89862,1682,4,"q8_0_quantize_f32",1682,3473105535142,3473105538582,0,0,24,0,128,32,1,1,67616,1,1
"KERNEL_DISPATCH","Agent 1",2,6,89862,1683,4,"q8_0_quantize_f32",1683,3473105542422,3473105545822,0,0,24,0,128,32,1,1,67616,1,1
"KERNEL_DISPATCH","Agent 1",2,6,89862,1684,4,"q8_0_quantize_f32",1684,3473105549582,3473105553062,0,0,24,0,128,32,1,1,67616,1,1
"KERNEL_DISPATCH","Agent 1",2,6,89862,1685,4,"q8_0_quantize_f32",1685,3473105556902,3473105560302,0,0,24,0,128,32,1,1,67616,1,1
"KERNEL_DISPATCH","Agent 1",2,6,89862,1686,4,"q8_0_quantize_f32",1686,3473105564262,3473105567662,0,0,24,0,128,32,1,1,67616,1,1
"KERNEL_DISPATCH","Agent 1",2,6,89862,1687,4,"q8_0_quantize_f32",1687,3473105571502,3473105574942,0,0,24,0,128,32,1,1,67616,1,1
"KERNEL_DISPATCH","Agent 1",2,6,89862,1688,4,"q8_0_quantize_f32",1688,3473105578822,3473105582262,0,0,24,0,128,32,1,1,67616,1,1
"KERNEL_DISPATCH","Agent 1",2,6,89862,1689,4,"q8_0_quantize_f32",1689,3473105586102,3473105589542,0,0,24,0,128,32,1,1,67616,1,1
